0 verbose cli /usr/local/bin/node /usr/local/bin/npm
1 info using npm@11.13.0
2 info using node@v24.16.0
3 silly config load:file:/usr/local/lib/node_modules/npm/npmrc
4 silly config load:file:/Users/matteocambielli/Documents/Codex/2026-06-01/creami-una-web-app-react-tailwind/.npmrc
5 silly config load:file:/Users/matteocambielli/.npmrc
6 silly config load:file:/usr/local/etc/npmrc
7 verbose title npm install
8 verbose argv "install" "--cache" "./work/npm-cache"
9 verbose logfile logs-max:10 dir:/Users/matteocambielli/Documents/Codex/2026-06-01/creami-una-web-app-react-tailwind/work/npm-cache/_logs/2026-06-01T14_12_04_539Z-
10 verbose logfile /Users/matteocambielli/Documents/Codex/2026-06-01/creami-una-web-app-react-tailwind/work/npm-cache/_logs/2026-06-01T14_12_04_539Z-debug-0.log
11 silly logfile done cleaning log files
12 silly packumentCache heap:4496293888 maxSize:1124073472 maxEntrySize:562036736
13 silly idealTree buildDeps
14 silly fetch manifest @vitejs/plugin-react@^5.0.0
15 silly packumentCache full:https://registry.npmjs.org/@vitejs%2fplugin-react cache-miss
16 http fetch GET 200 https://registry.npmjs.org/@vitejs%2fplugin-react 155ms (cache miss)
17 silly packumentCache full:https://registry.npmjs.org/@vitejs%2fplugin-react set size:undefined disposed:false
18 silly fetch manifest vite@^7.0.0
19 silly packumentCache full:https://registry.npmjs.org/vite cache-miss
20 http fetch GET 200 https://registry.npmjs.org/npm 290ms
21 http fetch GET 200 https://registry.npmjs.org/vite 2270ms (cache miss)
22 silly packumentCache full:https://registry.npmjs.org/vite set size:undefined disposed:false
23 silly fetch manifest @types/node@^20.19.0 || >=22.12.0
24 silly packumentCache full:https://registry.npmjs.org/@types%2fnode cache-miss
25 http fetch GET 200 https://registry.npmjs.org/@types%2fnode 544ms (cache miss)
26 silly packumentCache full:https://registry.npmjs.org/@types%2fnode set size:undefined disposed:false
27 silly fetch manifest jiti@>=1.21.0
28 silly packumentCache full:https://registry.npmjs.org/jiti cache-miss
29 http fetch GET 200 https://registry.npmjs.org/jiti 83ms (cache miss)
30 silly packumentCache full:https://registry.npmjs.org/jiti set size:undefined disposed:false
31 silly fetch manifest less@^4.0.0
32 silly packumentCache full:https://registry.npmjs.org/less cache-miss
33 http fetch GET 200 https://registry.npmjs.org/less 76ms (cache miss)
34 silly packumentCache full:https://registry.npmjs.org/less set size:undefined disposed:false
35 silly fetch manifest lightningcss@^1.21.0
36 silly packumentCache full:https://registry.npmjs.org/lightningcss cache-miss
37 http fetch GET 200 https://registry.npmjs.org/lightningcss 57ms (cache miss)
38 silly packumentCache full:https://registry.npmjs.org/lightningcss set size:undefined disposed:false
39 silly fetch manifest sass@^1.70.0
40 silly packumentCache full:https://registry.npmjs.org/sass cache-miss
41 http fetch GET 200 https://registry.npmjs.org/sass 115ms (cache miss)
42 silly packumentCache full:https://registry.npmjs.org/sass set size:undefined disposed:false
43 silly fetch manifest sass-embedded@^1.70.0
44 silly packumentCache full:https://registry.npmjs.org/sass-embedded cache-miss
45 http fetch GET 200 https://registry.npmjs.org/sass-embedded 99ms (cache miss)
46 silly packumentCache full:https://registry.npmjs.org/sass-embedded set size:undefined disposed:false
47 silly fetch manifest stylus@>=0.54.8
48 silly packumentCache full:https://registry.npmjs.org/stylus cache-miss
49 http fetch GET 200 https://registry.npmjs.org/stylus 63ms (cache miss)
50 silly packumentCache full:https://registry.npmjs.org/stylus set size:undefined disposed:false
51 silly fetch manifest sugarss@^5.0.0
52 silly packumentCache full:https://registry.npmjs.org/sugarss cache-miss
53 http fetch GET 200 https://registry.npmjs.org/sugarss 51ms (cache miss)
54 silly packumentCache full:https://registry.npmjs.org/sugarss set size:undefined disposed:false
55 silly fetch manifest postcss@^8.5.0
56 silly packumentCache full:https://registry.npmjs.org/postcss cache-miss
57 http fetch GET 200 https://registry.npmjs.org/postcss 102ms (cache miss)
58 silly packumentCache full:https://registry.npmjs.org/postcss set size:undefined disposed:false
59 silly fetch manifest terser@^5.16.0
60 silly packumentCache full:https://registry.npmjs.org/terser cache-miss
61 http fetch GET 200 https://registry.npmjs.org/terser 161ms (cache miss)
62 silly packumentCache full:https://registry.npmjs.org/terser set size:undefined disposed:false
63 silly fetch manifest tsx@^4.8.1
64 silly packumentCache full:https://registry.npmjs.org/tsx cache-miss
65 http fetch GET 200 https://registry.npmjs.org/tsx 61ms (cache miss)
66 silly packumentCache full:https://registry.npmjs.org/tsx set size:undefined disposed:false
67 silly fetch manifest yaml@^2.4.2
68 silly packumentCache full:https://registry.npmjs.org/yaml cache-miss
69 http fetch GET 200 https://registry.npmjs.org/yaml 77ms (cache miss)
70 silly packumentCache full:https://registry.npmjs.org/yaml set size:undefined disposed:false
71 silly fetch manifest typescript@^5.8.0
72 silly packumentCache full:https://registry.npmjs.org/typescript cache-miss
73 http fetch GET 200 https://registry.npmjs.org/typescript 738ms (cache miss)
74 silly packumentCache full:https://registry.npmjs.org/typescript set size:undefined disposed:false
75 silly fetch manifest react@^19.0.0
76 silly packumentCache full:https://registry.npmjs.org/react cache-miss
77 http fetch GET 200 https://registry.npmjs.org/react 655ms (cache miss)
78 silly packumentCache full:https://registry.npmjs.org/react set size:undefined disposed:false
79 silly fetch manifest react-dom@^19.0.0
80 silly packumentCache full:https://registry.npmjs.org/react-dom cache-miss
81 http fetch GET 200 https://registry.npmjs.org/react-dom 576ms (cache miss)
82 silly packumentCache full:https://registry.npmjs.org/react-dom set size:undefined disposed:false
83 silly fetch manifest lucide-react@^0.468.0
84 silly packumentCache full:https://registry.npmjs.org/lucide-react cache-miss
85 http fetch GET 200 https://registry.npmjs.org/lucide-react 246ms (cache miss)
86 silly packumentCache full:https://registry.npmjs.org/lucide-react set size:undefined disposed:false
87 silly fetch manifest tailwindcss@^3.4.17
88 silly packumentCache full:https://registry.npmjs.org/tailwindcss cache-miss
89 http fetch GET 200 https://registry.npmjs.org/tailwindcss 601ms (cache miss)
90 silly packumentCache full:https://registry.npmjs.org/tailwindcss set size:undefined disposed:false
91 silly fetch manifest autoprefixer@^10.4.20
92 silly packumentCache full:https://registry.npmjs.org/autoprefixer cache-miss
93 http fetch GET 200 https://registry.npmjs.org/autoprefixer 118ms (cache miss)
94 silly packumentCache full:https://registry.npmjs.org/autoprefixer set size:undefined disposed:false
95 silly placeDep ROOT @vitejs/plugin-react@5.2.0 OK for: burrocalcolo@1.0.0 want: ^5.0.0
96 silly placeDep ROOT vite@7.3.5 OK for: @vitejs/plugin-react@5.2.0 want: ^4.2.0 || ^5.0.0 || ^6.0.0 || ^7.0.0 || ^8.0.0
97 silly placeDep ROOT autoprefixer@10.5.0 OK for: burrocalcolo@1.0.0 want: ^10.4.20
98 silly placeDep ROOT postcss@8.5.15 OK for: autoprefixer@10.5.0 want: ^8.1.0
99 silly placeDep ROOT lucide-react@0.468.0 OK for: burrocalcolo@1.0.0 want: ^0.468.0
100 silly placeDep ROOT react@19.2.6 OK for: lucide-react@0.468.0 want: ^16.5.1 || ^17.0.0 || ^18.0.0 || ^19.0.0-rc
101 silly placeDep ROOT react-dom@19.2.6 OK for: burrocalcolo@1.0.0 want: ^19.0.0
102 silly placeDep ROOT tailwindcss@3.4.19 OK for: burrocalcolo@1.0.0 want: ^3.4.17
103 silly placeDep ROOT typescript@5.9.3 OK for: burrocalcolo@1.0.0 want: ^5.8.0
104 silly fetch manifest @babel/core@^7.29.0
105 silly packumentCache full:https://registry.npmjs.org/@babel%2fcore cache-miss
106 silly fetch manifest react-refresh@^0.18.0
107 silly packumentCache full:https://registry.npmjs.org/react-refresh cache-miss
108 silly fetch manifest @types/babel__core@^7.20.5
109 silly packumentCache full:https://registry.npmjs.org/@types%2fbabel__core cache-miss
110 silly fetch manifest @rolldown/pluginutils@1.0.0-rc.3
111 silly packumentCache full:https://registry.npmjs.org/@rolldown%2fpluginutils cache-miss
112 silly fetch manifest @babel/plugin-transform-react-jsx-self@^7.27.1
113 silly packumentCache full:https://registry.npmjs.org/@babel%2fplugin-transform-react-jsx-self cache-miss
114 silly fetch manifest @babel/plugin-transform-react-jsx-source@^7.27.1
115 silly packumentCache full:https://registry.npmjs.org/@babel%2fplugin-transform-react-jsx-source cache-miss
116 silly fetch manifest fdir@^6.5.0
117 silly packumentCache full:https://registry.npmjs.org/fdir cache-miss
118 silly fetch manifest rollup@^4.43.0
119 silly packumentCache full:https://registry.npmjs.org/rollup cache-miss
120 silly fetch manifest esbuild@^0.27.0
121 silly packumentCache full:https://registry.npmjs.org/esbuild cache-miss
122 http fetch GET 200 https://registry.npmjs.org/@babel%2fcore 112ms (cache miss)
123 silly packumentCache full:https://registry.npmjs.org/@babel%2fcore set size:undefined disposed:false
124 silly fetch manifest postcss@^8.5.6
125 silly packumentCache full:https://registry.npmjs.org/postcss cache-miss
126 http cache https://registry.npmjs.org/postcss 9ms (cache hit)
127 silly packumentCache full:https://registry.npmjs.org/postcss set size:723316 disposed:false
128 silly fetch manifest picomatch@^4.0.3
129 silly packumentCache full:https://registry.npmjs.org/picomatch cache-miss
130 http fetch GET 200 https://registry.npmjs.org/@types%2fbabel__core 159ms (cache miss)
131 silly packumentCache full:https://registry.npmjs.org/@types%2fbabel__core set size:undefined disposed:false
132 silly fetch manifest tinyglobby@^0.2.15
133 silly packumentCache full:https://registry.npmjs.org/tinyglobby cache-miss
134 http fetch GET 200 https://registry.npmjs.org/@rolldown%2fpluginutils 210ms (cache miss)
135 silly packumentCache full:https://registry.npmjs.org/@rolldown%2fpluginutils set size:undefined disposed:false
136 silly fetch manifest fsevents@~2.3.3
137 silly packumentCache full:https://registry.npmjs.org/fsevents cache-miss
138 http fetch GET 200 https://registry.npmjs.org/picomatch 150ms (cache miss)
139 silly packumentCache full:https://registry.npmjs.org/picomatch set size:undefined disposed:false
140 silly fetch manifest browserslist@^4.28.2
141 silly packumentCache full:https://registry.npmjs.org/browserslist cache-miss
142 http fetch GET 200 https://registry.npmjs.org/fdir 286ms (cache miss)
143 silly packumentCache full:https://registry.npmjs.org/fdir set size:undefined disposed:false
144 silly fetch manifest caniuse-lite@^1.0.30001787
145 silly packumentCache full:https://registry.npmjs.org/caniuse-lite cache-miss
146 http fetch GET 200 https://registry.npmjs.org/@babel%2fplugin-transform-react-jsx-self 290ms (cache miss)
147 silly packumentCache full:https://registry.npmjs.org/@babel%2fplugin-transform-react-jsx-self set size:undefined disposed:false
148 silly fetch manifest fraction.js@^5.3.4
149 silly packumentCache full:https://registry.npmjs.org/fraction.js cache-miss
150 http fetch GET 200 https://registry.npmjs.org/tinyglobby 131ms (cache miss)
151 silly packumentCache full:https://registry.npmjs.org/tinyglobby set size:undefined disposed:false
152 silly fetch manifest picocolors@^1.1.1
153 silly packumentCache full:https://registry.npmjs.org/picocolors cache-miss
154 http fetch GET 200 https://registry.npmjs.org/@babel%2fplugin-transform-react-jsx-source 293ms (cache miss)
155 silly packumentCache full:https://registry.npmjs.org/@babel%2fplugin-transform-react-jsx-source set size:undefined disposed:false
156 silly fetch manifest postcss-value-parser@^4.2.0
157 silly packumentCache full:https://registry.npmjs.org/postcss-value-parser cache-miss
158 http fetch GET 200 https://registry.npmjs.org/fsevents 257ms (cache miss)
159 silly packumentCache full:https://registry.npmjs.org/fsevents set size:undefined disposed:false
160 silly fetch manifest nanoid@^3.3.12
161 silly packumentCache full:https://registry.npmjs.org/nanoid cache-miss
162 http fetch GET 200 https://registry.npmjs.org/postcss-value-parser 221ms (cache miss)
163 silly packumentCache full:https://registry.npmjs.org/postcss-value-parser set size:undefined disposed:false
164 silly fetch manifest picocolors@^1.1.1
165 silly packumentCache full:https://registry.npmjs.org/picocolors cache-miss
166 http fetch GET 200 https://registry.npmjs.org/fraction.js 232ms (cache miss)
167 silly packumentCache full:https://registry.npmjs.org/fraction.js set size:undefined disposed:false
168 silly fetch manifest source-map-js@^1.2.1
169 silly packumentCache full:https://registry.npmjs.org/source-map-js cache-miss
170 http fetch GET 200 https://registry.npmjs.org/picocolors 256ms (cache miss)
171 silly packumentCache full:https://registry.npmjs.org/picocolors set size:undefined disposed:false
172 silly fetch manifest scheduler@^0.27.0
173 silly packumentCache full:https://registry.npmjs.org/scheduler cache-miss
174 http fetch GET 200 https://registry.npmjs.org/picocolors 151ms (cache miss)
175 silly packumentCache full:https://registry.npmjs.org/picocolors set size:undefined disposed:false
176 silly fetch manifest arg@^5.0.2
177 silly packumentCache full:https://registry.npmjs.org/arg cache-miss
178 http fetch GET 200 https://registry.npmjs.org/browserslist 493ms (cache miss)
179 silly packumentCache full:https://registry.npmjs.org/browserslist set size:undefined disposed:false
180 silly fetch manifest dlv@^1.1.3
181 silly packumentCache full:https://registry.npmjs.org/dlv cache-miss
182 http fetch GET 200 https://registry.npmjs.org/esbuild 1213ms (cache miss)
183 silly packumentCache full:https://registry.npmjs.org/esbuild set size:undefined disposed:false
184 silly fetch manifest jiti@^1.21.7
185 silly packumentCache full:https://registry.npmjs.org/jiti cache-miss
186 http fetch GET 200 https://registry.npmjs.org/dlv 452ms (cache miss)
187 silly packumentCache full:https://registry.npmjs.org/dlv set size:undefined disposed:false
188 silly fetch manifest is-glob@^4.0.3
189 silly packumentCache full:https://registry.npmjs.org/is-glob cache-miss
190 http cache https://registry.npmjs.org/jiti 10ms (cache hit)
191 silly packumentCache full:https://registry.npmjs.org/jiti set size:387989 disposed:false
192 silly fetch manifest resolve@^1.22.8
193 silly packumentCache full:https://registry.npmjs.org/resolve cache-miss
194 http fetch GET 200 https://registry.npmjs.org/nanoid 848ms (cache miss)
195 silly packumentCache full:https://registry.npmjs.org/nanoid set size:undefined disposed:false
196 silly fetch manifest sucrase@^3.35.0
197 silly packumentCache full:https://registry.npmjs.org/sucrase cache-miss
198 http fetch GET 200 https://registry.npmjs.org/arg 680ms (cache miss)
199 silly packumentCache full:https://registry.npmjs.org/arg set size:undefined disposed:false
200 silly fetch manifest chokidar@^3.6.0
201 silly packumentCache full:https://registry.npmjs.org/chokidar cache-miss
202 http fetch GET 200 https://registry.npmjs.org/source-map-js 831ms (cache miss)
203 silly packumentCache full:https://registry.npmjs.org/source-map-js set size:undefined disposed:false
204 silly fetch manifest fast-glob@^3.3.2
205 silly packumentCache full:https://registry.npmjs.org/fast-glob cache-miss
206 http fetch GET 200 https://registry.npmjs.org/resolve 223ms (cache miss)
207 silly packumentCache full:https://registry.npmjs.org/resolve set size:undefined disposed:false
208 silly fetch manifest lilconfig@^3.1.3
209 silly packumentCache full:https://registry.npmjs.org/lilconfig cache-miss
210 http fetch GET 200 https://registry.npmjs.org/is-glob 234ms (cache miss)
211 silly packumentCache full:https://registry.npmjs.org/is-glob set size:undefined disposed:false
212 silly fetch manifest didyoumean@^1.2.2
213 silly packumentCache full:https://registry.npmjs.org/didyoumean cache-miss
214 http fetch GET 200 https://registry.npmjs.org/chokidar 137ms (cache miss)
215 silly packumentCache full:https://registry.npmjs.org/chokidar set size:undefined disposed:false
216 silly fetch manifest micromatch@^4.0.8
217 silly packumentCache full:https://registry.npmjs.org/micromatch cache-miss
218 http fetch GET 200 https://registry.npmjs.org/rollup 1525ms (cache miss)
219 silly packumentCache full:https://registry.npmjs.org/rollup set size:undefined disposed:false
220 silly fetch manifest postcss-js@^4.0.1
221 silly packumentCache full:https://registry.npmjs.org/postcss-js cache-miss
222 http fetch GET 200 https://registry.npmjs.org/fast-glob 288ms (cache miss)
223 silly packumentCache full:https://registry.npmjs.org/fast-glob set size:undefined disposed:false
224 silly fetch manifest glob-parent@^6.0.2
225 silly packumentCache full:https://registry.npmjs.org/glob-parent cache-miss
226 http fetch GET 200 https://registry.npmjs.org/sucrase 322ms (cache miss)
227 silly packumentCache full:https://registry.npmjs.org/sucrase set size:undefined disposed:false
228 silly fetch manifest object-hash@^3.0.0
229 silly packumentCache full:https://registry.npmjs.org/object-hash cache-miss
230 http fetch GET 200 https://registry.npmjs.org/didyoumean 197ms (cache miss)
231 silly packumentCache full:https://registry.npmjs.org/didyoumean set size:undefined disposed:false
232 silly fetch manifest normalize-path@^3.0.0
233 silly packumentCache full:https://registry.npmjs.org/normalize-path cache-miss
234 http fetch GET 200 https://registry.npmjs.org/lilconfig 202ms (cache miss)
235 silly packumentCache full:https://registry.npmjs.org/lilconfig set size:undefined disposed:false
236 silly fetch manifest postcss-import@^15.1.0
237 silly packumentCache full:https://registry.npmjs.org/postcss-import cache-miss
238 http fetch GET 200 https://registry.npmjs.org/react-refresh 1667ms (cache miss)
239 silly packumentCache full:https://registry.npmjs.org/react-refresh set size:undefined disposed:false
240 silly fetch manifest postcss-nested@^6.2.0
241 silly packumentCache full:https://registry.npmjs.org/postcss-nested cache-miss
242 http fetch GET 200 https://registry.npmjs.org/glob-parent 102ms (cache miss)
243 silly packumentCache full:https://registry.npmjs.org/glob-parent set size:undefined disposed:false
244 silly fetch manifest @alloc/quick-lru@^5.2.0
245 silly packumentCache full:https://registry.npmjs.org/@alloc%2fquick-lru cache-miss
246 http fetch GET 200 https://registry.npmjs.org/object-hash 100ms (cache miss)
247 silly packumentCache full:https://registry.npmjs.org/object-hash set size:undefined disposed:false
248 silly fetch manifest postcss-load-config@^4.0.2 || ^5.0 || ^6.0
249 silly packumentCache full:https://registry.npmjs.org/postcss-load-config cache-miss
250 http fetch GET 200 https://registry.npmjs.org/normalize-path 96ms (cache miss)
251 silly packumentCache full:https://registry.npmjs.org/normalize-path set size:undefined disposed:false
252 silly fetch manifest postcss-selector-parser@^6.1.2
253 silly packumentCache full:https://registry.npmjs.org/postcss-selector-parser cache-miss
254 http fetch GET 200 https://registry.npmjs.org/postcss-import 96ms (cache miss)
255 silly packumentCache full:https://registry.npmjs.org/postcss-import set size:undefined disposed:false
256 http fetch GET 200 https://registry.npmjs.org/caniuse-lite 1482ms (cache miss)
257 silly packumentCache full:https://registry.npmjs.org/caniuse-lite set size:undefined disposed:false
258 http fetch GET 200 https://registry.npmjs.org/postcss-js 232ms (cache miss)
259 silly packumentCache full:https://registry.npmjs.org/postcss-js set size:undefined disposed:false
260 http fetch GET 200 https://registry.npmjs.org/postcss-nested 108ms (cache miss)
261 silly packumentCache full:https://registry.npmjs.org/postcss-nested set size:undefined disposed:false
262 http fetch GET 200 https://registry.npmjs.org/postcss-load-config 64ms (cache miss)
263 silly packumentCache full:https://registry.npmjs.org/postcss-load-config set size:undefined disposed:false
264 http fetch GET 200 https://registry.npmjs.org/@alloc%2fquick-lru 71ms (cache miss)
265 silly packumentCache full:https://registry.npmjs.org/@alloc%2fquick-lru set size:undefined disposed:false
266 http fetch GET 200 https://registry.npmjs.org/postcss-selector-parser 58ms (cache miss)
267 silly packumentCache full:https://registry.npmjs.org/postcss-selector-parser set size:undefined disposed:false
268 http fetch GET 200 https://registry.npmjs.org/micromatch 635ms (cache miss)
269 silly packumentCache full:https://registry.npmjs.org/micromatch set size:undefined disposed:false
270 http fetch GET 200 https://registry.npmjs.org/scheduler 1582ms (cache miss)
271 silly packumentCache full:https://registry.npmjs.org/scheduler set size:undefined disposed:false
272 silly placeDep ROOT @babel/core@7.29.7 OK for: @vitejs/plugin-react@5.2.0 want: ^7.29.0
273 silly placeDep ROOT @babel/plugin-transform-react-jsx-self@7.29.7 OK for: @vitejs/plugin-react@5.2.0 want: ^7.27.1
274 silly placeDep ROOT @babel/plugin-transform-react-jsx-source@7.29.7 OK for: @vitejs/plugin-react@5.2.0 want: ^7.27.1
275 silly placeDep ROOT @rolldown/pluginutils@1.0.0-rc.3 OK for: @vitejs/plugin-react@5.2.0 want: 1.0.0-rc.3
276 silly placeDep ROOT @types/babel__core@7.20.5 OK for: @vitejs/plugin-react@5.2.0 want: ^7.20.5
277 silly placeDep ROOT react-refresh@0.18.0 OK for: @vitejs/plugin-react@5.2.0 want: ^0.18.0
278 silly fetch manifest @babel/code-frame@^7.29.7
279 silly packumentCache full:https://registry.npmjs.org/@babel%2fcode-frame cache-miss
280 silly fetch manifest @babel/generator@^7.29.7
281 silly packumentCache full:https://registry.npmjs.org/@babel%2fgenerator cache-miss
282 silly fetch manifest @babel/helper-compilation-targets@^7.29.7
283 silly packumentCache full:https://registry.npmjs.org/@babel%2fhelper-compilation-targets cache-miss
284 silly fetch manifest @babel/helper-module-transforms@^7.29.7
285 silly packumentCache full:https://registry.npmjs.org/@babel%2fhelper-module-transforms cache-miss
286 silly fetch manifest @babel/helpers@^7.29.7
287 silly packumentCache full:https://registry.npmjs.org/@babel%2fhelpers cache-miss
288 silly fetch manifest @babel/parser@^7.29.7
289 silly packumentCache full:https://registry.npmjs.org/@babel%2fparser cache-miss
290 silly fetch manifest @babel/template@^7.29.7
291 silly packumentCache full:https://registry.npmjs.org/@babel%2ftemplate cache-miss
292 silly fetch manifest @babel/traverse@^7.29.7
293 silly packumentCache full:https://registry.npmjs.org/@babel%2ftraverse cache-miss
294 silly fetch manifest @babel/types@^7.29.7
295 silly packumentCache full:https://registry.npmjs.org/@babel%2ftypes cache-miss
296 http fetch GET 200 https://registry.npmjs.org/@babel%2ftemplate 67ms (cache miss)
297 silly packumentCache full:https://registry.npmjs.org/@babel%2ftemplate set size:undefined disposed:false
298 silly fetch manifest @jridgewell/remapping@^2.3.5
299 silly packumentCache full:https://registry.npmjs.org/@jridgewell%2fremapping cache-miss
300 http fetch GET 200 https://registry.npmjs.org/@babel%2fcode-frame 276ms (cache miss)
301 silly packumentCache full:https://registry.npmjs.org/@babel%2fcode-frame set size:undefined disposed:false
302 silly fetch manifest convert-source-map@^2.0.0
303 silly packumentCache full:https://registry.npmjs.org/convert-source-map cache-miss
304 http fetch GET 200 https://registry.npmjs.org/@babel%2ftypes 308ms (cache miss)
305 silly packumentCache full:https://registry.npmjs.org/@babel%2ftypes set size:undefined disposed:false
306 silly fetch manifest debug@^4.1.0
307 silly packumentCache full:https://registry.npmjs.org/debug cache-miss
308 http fetch GET 200 https://registry.npmjs.org/@jridgewell%2fremapping 258ms (cache miss)
309 silly packumentCache full:https://registry.npmjs.org/@jridgewell%2fremapping set size:undefined disposed:false
310 silly fetch manifest gensync@^1.0.0-beta.2
311 silly packumentCache full:https://registry.npmjs.org/gensync cache-miss
312 http fetch GET 200 https://registry.npmjs.org/@babel%2fhelpers 343ms (cache miss)
313 silly packumentCache full:https://registry.npmjs.org/@babel%2fhelpers set size:undefined disposed:false
314 silly fetch manifest json5@^2.2.3
315 silly packumentCache full:https://registry.npmjs.org/json5 cache-miss
316 http fetch GET 200 https://registry.npmjs.org/@babel%2fhelper-module-transforms 347ms (cache miss)
317 silly packumentCache full:https://registry.npmjs.org/@babel%2fhelper-module-transforms set size:undefined disposed:false
318 silly fetch manifest semver@^6.3.1
319 silly packumentCache full:https://registry.npmjs.org/semver cache-miss
320 http fetch GET 200 https://registry.npmjs.org/@babel%2ftraverse 350ms (cache miss)
321 silly packumentCache full:https://registry.npmjs.org/@babel%2ftraverse set size:undefined disposed:false
322 silly fetch manifest @babel/helper-plugin-utils@^7.29.7
323 silly packumentCache full:https://registry.npmjs.org/@babel%2fhelper-plugin-utils cache-miss
324 http fetch GET 200 https://registry.npmjs.org/@babel%2fhelper-compilation-targets 370ms (cache miss)
325 silly packumentCache full:https://registry.npmjs.org/@babel%2fhelper-compilation-targets set size:undefined disposed:false
326 silly fetch manifest @babel/helper-plugin-utils@^7.29.7
327 silly packumentCache full:https://registry.npmjs.org/@babel%2fhelper-plugin-utils cache-miss
328 http fetch GET 200 https://registry.npmjs.org/@babel%2fgenerator 376ms (cache miss)
329 silly packumentCache full:https://registry.npmjs.org/@babel%2fgenerator set size:undefined disposed:false
330 silly fetch manifest @babel/types@^7.20.7
331 silly packumentCache full:https://registry.npmjs.org/@babel%2ftypes cache-miss
332 http fetch GET 200 https://registry.npmjs.org/convert-source-map 102ms (cache miss)
333 silly packumentCache full:https://registry.npmjs.org/convert-source-map set size:undefined disposed:false
334 silly fetch manifest @babel/parser@^7.20.7
335 silly packumentCache full:https://registry.npmjs.org/@babel%2fparser cache-miss
336 http fetch GET 200 https://registry.npmjs.org/@babel%2fparser 385ms (cache miss)
337 silly packumentCache full:https://registry.npmjs.org/@babel%2fparser set size:undefined disposed:false
338 silly fetch manifest @types/babel__template@*
339 silly packumentCache full:https://registry.npmjs.org/@types%2fbabel__template cache-miss
340 http cache https://registry.npmjs.org/@babel%2ftypes 12ms (cache hit)
341 silly packumentCache full:https://registry.npmjs.org/@babel%2ftypes set size:496342 disposed:false
342 silly fetch manifest @types/babel__traverse@*
343 silly packumentCache full:https://registry.npmjs.org/@types%2fbabel__traverse cache-miss
344 http cache https://registry.npmjs.org/@babel%2fparser 12ms (cache hit)
345 silly packumentCache full:https://registry.npmjs.org/@babel%2fparser set size:730539 disposed:false
346 silly fetch manifest @types/babel__generator@*
347 silly packumentCache full:https://registry.npmjs.org/@types%2fbabel__generator cache-miss
348 http fetch GET 200 https://registry.npmjs.org/gensync 67ms (cache miss)
349 silly packumentCache full:https://registry.npmjs.org/gensync set size:undefined disposed:false
350 http fetch GET 200 https://registry.npmjs.org/debug 103ms (cache miss)
351 silly packumentCache full:https://registry.npmjs.org/debug set size:undefined disposed:false
352 http fetch GET 200 https://registry.npmjs.org/json5 73ms (cache miss)
353 silly packumentCache full:https://registry.npmjs.org/json5 set size:undefined disposed:false
354 http fetch GET 200 https://registry.npmjs.org/semver 98ms (cache miss)
355 silly packumentCache full:https://registry.npmjs.org/semver set size:undefined disposed:false
356 http fetch GET 200 https://registry.npmjs.org/@types%2fbabel__template 67ms (cache miss)
357 silly packumentCache full:https://registry.npmjs.org/@types%2fbabel__template set size:undefined disposed:false
358 http fetch GET 200 https://registry.npmjs.org/@babel%2fhelper-plugin-utils 91ms (cache miss)
359 silly packumentCache full:https://registry.npmjs.org/@babel%2fhelper-plugin-utils set size:undefined disposed:false
360 http fetch GET 200 https://registry.npmjs.org/@types%2fbabel__generator 80ms (cache miss)
361 silly packumentCache full:https://registry.npmjs.org/@types%2fbabel__generator set size:undefined disposed:false
362 http fetch GET 200 https://registry.npmjs.org/@babel%2fhelper-plugin-utils 131ms (cache miss)
363 silly packumentCache full:https://registry.npmjs.org/@babel%2fhelper-plugin-utils set size:undefined disposed:false
364 http fetch GET 200 https://registry.npmjs.org/@types%2fbabel__traverse 97ms (cache miss)
365 silly packumentCache full:https://registry.npmjs.org/@types%2fbabel__traverse set size:undefined disposed:false
366 silly fetch manifest @babel/core@^7.0.0
367 silly packumentCache full:https://registry.npmjs.org/@babel%2fcore cache-miss
368 http cache https://registry.npmjs.org/@babel%2fcore 2ms (cache hit)
369 silly packumentCache full:https://registry.npmjs.org/@babel%2fcore set size:779631 disposed:false
370 silly placeDep ROOT @babel/code-frame@7.29.7 OK for: @babel/core@7.29.7 want: ^7.29.7
371 silly placeDep ROOT @babel/generator@7.29.7 OK for: @babel/core@7.29.7 want: ^7.29.7
372 silly placeDep ROOT @babel/helper-compilation-targets@7.29.7 OK for: @babel/core@7.29.7 want: ^7.29.7
373 silly placeDep ROOT @babel/helper-module-transforms@7.29.7 OK for: @babel/core@7.29.7 want: ^7.29.7
374 silly placeDep ROOT @babel/helpers@7.29.7 OK for: @babel/core@7.29.7 want: ^7.29.7
375 silly placeDep ROOT @babel/parser@7.29.7 OK for: @babel/core@7.29.7 want: ^7.29.7
376 silly placeDep ROOT @babel/template@7.29.7 OK for: @babel/core@7.29.7 want: ^7.29.7
377 silly placeDep ROOT @babel/traverse@7.29.7 OK for: @babel/core@7.29.7 want: ^7.29.7
378 silly placeDep ROOT @babel/types@7.29.7 OK for: @babel/core@7.29.7 want: ^7.29.7
379 silly placeDep ROOT @jridgewell/remapping@2.3.5 OK for: @babel/core@7.29.7 want: ^2.3.5
380 silly placeDep ROOT convert-source-map@2.0.0 OK for: @babel/core@7.29.7 want: ^2.0.0
381 silly placeDep ROOT debug@4.4.3 OK for: @babel/core@7.29.7 want: ^4.1.0
382 silly placeDep ROOT gensync@1.0.0-beta.2 OK for: @babel/core@7.29.7 want: ^1.0.0-beta.2
383 silly placeDep ROOT json5@2.2.3 OK for: @babel/core@7.29.7 want: ^2.2.3
384 silly placeDep ROOT semver@6.3.1 OK for: @babel/core@7.29.7 want: ^6.3.1
385 silly fetch manifest @babel/helper-validator-identifier@^7.29.7
386 silly packumentCache full:https://registry.npmjs.org/@babel%2fhelper-validator-identifier cache-miss
387 silly fetch manifest js-tokens@^4.0.0
388 silly packumentCache full:https://registry.npmjs.org/js-tokens cache-miss
389 silly fetch manifest @jridgewell/gen-mapping@^0.3.12
390 silly packumentCache full:https://registry.npmjs.org/@jridgewell%2fgen-mapping cache-miss
391 silly fetch manifest @jridgewell/trace-mapping@^0.3.28
392 silly packumentCache full:https://registry.npmjs.org/@jridgewell%2ftrace-mapping cache-miss
393 silly fetch manifest jsesc@^3.0.2
394 silly packumentCache full:https://registry.npmjs.org/jsesc cache-miss
395 silly fetch manifest @babel/compat-data@^7.29.7
396 silly packumentCache full:https://registry.npmjs.org/@babel%2fcompat-data cache-miss
397 silly fetch manifest @babel/helper-validator-option@^7.29.7
398 silly packumentCache full:https://registry.npmjs.org/@babel%2fhelper-validator-option cache-miss
399 silly fetch manifest browserslist@^4.24.0
400 silly packumentCache full:https://registry.npmjs.org/browserslist cache-miss
401 silly fetch manifest lru-cache@^5.1.1
402 silly packumentCache full:https://registry.npmjs.org/lru-cache cache-miss
403 http cache https://registry.npmjs.org/browserslist 6ms (cache hit)
404 silly packumentCache full:https://registry.npmjs.org/browserslist set size:504681 disposed:false
405 silly fetch manifest @babel/helper-module-imports@^7.29.7
406 silly packumentCache full:https://registry.npmjs.org/@babel%2fhelper-module-imports cache-miss
407 http fetch GET 200 https://registry.npmjs.org/js-tokens 37ms (cache miss)
408 silly packumentCache full:https://registry.npmjs.org/js-tokens set size:undefined disposed:false
409 silly fetch manifest @babel/helper-validator-identifier@^7.29.7
410 silly packumentCache full:https://registry.npmjs.org/@babel%2fhelper-validator-identifier cache-miss
411 http fetch GET 200 https://registry.npmjs.org/jsesc 73ms (cache miss)
412 silly packumentCache full:https://registry.npmjs.org/jsesc set size:undefined disposed:false
413 silly fetch manifest @babel/helper-globals@^7.29.7
414 silly packumentCache full:https://registry.npmjs.org/@babel%2fhelper-globals cache-miss
415 http fetch GET 200 https://registry.npmjs.org/@babel%2fhelper-validator-identifier 80ms (cache miss)
416 silly packumentCache full:https://registry.npmjs.org/@babel%2fhelper-validator-identifier set size:undefined disposed:false
417 silly fetch manifest debug@^4.3.1
418 silly packumentCache full:https://registry.npmjs.org/debug cache-miss
419 http fetch GET 200 https://registry.npmjs.org/@jridgewell%2fgen-mapping 80ms (cache miss)
420 silly packumentCache full:https://registry.npmjs.org/@jridgewell%2fgen-mapping set size:undefined disposed:false
421 silly fetch manifest @babel/helper-string-parser@^7.29.7
422 silly packumentCache full:https://registry.npmjs.org/@babel%2fhelper-string-parser cache-miss
423 http cache https://registry.npmjs.org/debug 2ms (cache hit)
424 silly packumentCache full:https://registry.npmjs.org/debug set size:195840 disposed:false
425 silly fetch manifest @jridgewell/gen-mapping@^0.3.5
426 silly packumentCache full:https://registry.npmjs.org/@jridgewell%2fgen-mapping cache-miss
427 http cache https://registry.npmjs.org/@jridgewell%2fgen-mapping 1ms (cache hit)
428 silly packumentCache full:https://registry.npmjs.org/@jridgewell%2fgen-mapping set size:75941 disposed:false
429 silly fetch manifest @jridgewell/trace-mapping@^0.3.24
430 silly packumentCache full:https://registry.npmjs.org/@jridgewell%2ftrace-mapping cache-miss
431 http fetch GET 200 https://registry.npmjs.org/@jridgewell%2ftrace-mapping 101ms (cache miss)
432 silly packumentCache full:https://registry.npmjs.org/@jridgewell%2ftrace-mapping set size:undefined disposed:false
433 silly fetch manifest ms@^2.1.3
434 silly packumentCache full:https://registry.npmjs.org/ms cache-miss
435 http fetch GET 200 https://registry.npmjs.org/@babel%2fhelper-validator-option 112ms (cache miss)
436 silly packumentCache full:https://registry.npmjs.org/@babel%2fhelper-validator-option set size:undefined disposed:false
437 http fetch GET 200 https://registry.npmjs.org/lru-cache 141ms (cache miss)
438 silly packumentCache full:https://registry.npmjs.org/lru-cache set size:undefined disposed:false
439 http fetch GET 200 https://registry.npmjs.org/@babel%2fhelper-validator-identifier 117ms (cache miss)
440 silly packumentCache full:https://registry.npmjs.org/@babel%2fhelper-validator-identifier set size:undefined disposed:false
441 http fetch GET 200 https://registry.npmjs.org/@babel%2fcompat-data 189ms (cache miss)
442 silly packumentCache full:https://registry.npmjs.org/@babel%2fcompat-data set size:undefined disposed:false
443 http fetch GET 200 https://registry.npmjs.org/@babel%2fhelper-module-imports 183ms (cache miss)
444 silly packumentCache full:https://registry.npmjs.org/@babel%2fhelper-module-imports set size:undefined disposed:false
445 http fetch GET 200 https://registry.npmjs.org/@babel%2fhelper-globals 137ms (cache miss)
446 silly packumentCache full:https://registry.npmjs.org/@babel%2fhelper-globals set size:undefined disposed:false
447 http fetch GET 200 https://registry.npmjs.org/ms 109ms (cache miss)
448 silly packumentCache full:https://registry.npmjs.org/ms set size:undefined disposed:false
449 http fetch GET 200 https://registry.npmjs.org/@babel%2fhelper-string-parser 136ms (cache miss)
450 silly packumentCache full:https://registry.npmjs.org/@babel%2fhelper-string-parser set size:undefined disposed:false
451 http fetch GET 200 https://registry.npmjs.org/@jridgewell%2ftrace-mapping 136ms (cache miss)
452 silly packumentCache full:https://registry.npmjs.org/@jridgewell%2ftrace-mapping set size:undefined disposed:false
453 silly placeDep ROOT @babel/helper-validator-identifier@7.29.7 OK for: @babel/code-frame@7.29.7 want: ^7.29.7
454 silly placeDep ROOT js-tokens@4.0.0 OK for: @babel/code-frame@7.29.7 want: ^4.0.0
455 silly placeDep ROOT picocolors@1.1.1 OK for: @babel/code-frame@7.29.7 want: ^1.1.1
456 silly placeDep ROOT @jridgewell/gen-mapping@0.3.13 OK for: @babel/generator@7.29.7 want: ^0.3.12
457 silly placeDep ROOT @jridgewell/trace-mapping@0.3.31 OK for: @babel/generator@7.29.7 want: ^0.3.28
458 silly placeDep ROOT jsesc@3.1.0 OK for: @babel/generator@7.29.7 want: ^3.0.2
459 silly fetch manifest @jridgewell/sourcemap-codec@^1.5.0
460 silly packumentCache full:https://registry.npmjs.org/@jridgewell%2fsourcemap-codec cache-miss
461 silly fetch manifest @jridgewell/resolve-uri@^3.1.0
462 silly packumentCache full:https://registry.npmjs.org/@jridgewell%2fresolve-uri cache-miss
463 silly fetch manifest @jridgewell/sourcemap-codec@^1.4.14
464 silly packumentCache full:https://registry.npmjs.org/@jridgewell%2fsourcemap-codec cache-miss
465 http fetch GET 200 https://registry.npmjs.org/@jridgewell%2fsourcemap-codec 56ms (cache miss)
466 silly packumentCache full:https://registry.npmjs.org/@jridgewell%2fsourcemap-codec set size:undefined disposed:false
467 http fetch GET 200 https://registry.npmjs.org/@jridgewell%2fsourcemap-codec 59ms (cache miss)
468 silly packumentCache full:https://registry.npmjs.org/@jridgewell%2fsourcemap-codec set size:undefined disposed:false
469 http fetch GET 200 https://registry.npmjs.org/@jridgewell%2fresolve-uri 64ms (cache miss)
470 silly packumentCache full:https://registry.npmjs.org/@jridgewell%2fresolve-uri set size:undefined disposed:false
471 silly placeDep ROOT @babel/compat-data@7.29.7 OK for: @babel/helper-compilation-targets@7.29.7 want: ^7.29.7
472 silly placeDep ROOT @babel/helper-validator-option@7.29.7 OK for: @babel/helper-compilation-targets@7.29.7 want: ^7.29.7
473 silly placeDep ROOT browserslist@4.28.2 OK for: @babel/helper-compilation-targets@7.29.7 want: ^4.24.0
474 silly placeDep ROOT lru-cache@5.1.1 OK for: @babel/helper-compilation-targets@7.29.7 want: ^5.1.1
475 silly fetch manifest baseline-browser-mapping@^2.10.12
476 silly packumentCache full:https://registry.npmjs.org/baseline-browser-mapping cache-miss
477 silly fetch manifest caniuse-lite@^1.0.30001782
478 silly packumentCache full:https://registry.npmjs.org/caniuse-lite cache-miss
479 silly fetch manifest electron-to-chromium@^1.5.328
480 silly packumentCache full:https://registry.npmjs.org/electron-to-chromium cache-miss
481 silly fetch manifest node-releases@^2.0.36
482 silly packumentCache full:https://registry.npmjs.org/node-releases cache-miss
483 silly fetch manifest update-browserslist-db@^1.2.3
484 silly packumentCache full:https://registry.npmjs.org/update-browserslist-db cache-miss
485 silly fetch manifest yallist@^3.0.2
486 silly packumentCache full:https://registry.npmjs.org/yallist cache-miss
487 http cache https://registry.npmjs.org/caniuse-lite 8ms (cache hit)
488 silly packumentCache full:https://registry.npmjs.org/caniuse-lite set size:2293068 disposed:false
489 http fetch GET 200 https://registry.npmjs.org/yallist 40ms (cache miss)
490 silly packumentCache full:https://registry.npmjs.org/yallist set size:undefined disposed:false
491 http fetch GET 200 https://registry.npmjs.org/update-browserslist-db 48ms (cache miss)
492 silly packumentCache full:https://registry.npmjs.org/update-browserslist-db set size:undefined disposed:false
493 http fetch GET 200 https://registry.npmjs.org/baseline-browser-mapping 110ms (cache miss)
494 silly packumentCache full:https://registry.npmjs.org/baseline-browser-mapping set size:undefined disposed:false
495 http fetch GET 200 https://registry.npmjs.org/node-releases 113ms (cache miss)
496 silly packumentCache full:https://registry.npmjs.org/node-releases set size:undefined disposed:false
497 http fetch GET 200 https://registry.npmjs.org/electron-to-chromium 1040ms (cache miss)
498 silly packumentCache full:https://registry.npmjs.org/electron-to-chromium set size:undefined disposed:false
499 silly placeDep ROOT @babel/helper-module-imports@7.29.7 OK for: @babel/helper-module-transforms@7.29.7 want: ^7.29.7
500 silly placeDep ROOT @babel/helper-plugin-utils@7.29.7 OK for: @babel/plugin-transform-react-jsx-self@7.29.7 want: ^7.29.7
501 silly placeDep ROOT @babel/helper-globals@7.29.7 OK for: @babel/traverse@7.29.7 want: ^7.29.7
502 silly placeDep ROOT @babel/helper-string-parser@7.29.7 OK for: @babel/types@7.29.7 want: ^7.29.7
503 silly placeDep ROOT @jridgewell/sourcemap-codec@1.5.5 OK for: @jridgewell/gen-mapping@0.3.13 want: ^1.5.0
504 silly placeDep ROOT @jridgewell/resolve-uri@3.1.2 OK for: @jridgewell/trace-mapping@0.3.31 want: ^3.1.0
505 silly placeDep ROOT @types/babel__generator@7.27.0 OK for: @types/babel__core@7.20.5 want: *
506 silly placeDep ROOT @types/babel__template@7.4.4 OK for: @types/babel__core@7.20.5 want: *
507 silly placeDep ROOT @types/babel__traverse@7.28.0 OK for: @types/babel__core@7.20.5 want: *
508 silly placeDep ROOT caniuse-lite@1.0.30001793 OK for: autoprefixer@10.5.0 want: ^1.0.30001787
509 silly placeDep ROOT fraction.js@5.3.4 OK for: autoprefixer@10.5.0 want: ^5.3.4
510 silly placeDep ROOT postcss-value-parser@4.2.0 OK for: autoprefixer@10.5.0 want: ^4.2.0
511 silly fetch manifest browserslist@>= 4.21.0
512 silly packumentCache full:https://registry.npmjs.org/browserslist cache-hit
513 silly placeDep ROOT baseline-browser-mapping@2.10.33 OK for: browserslist@4.28.2 want: ^2.10.12
514 silly placeDep ROOT electron-to-chromium@1.5.364 OK for: browserslist@4.28.2 want: ^1.5.328
515 silly placeDep ROOT node-releases@2.0.46 OK for: browserslist@4.28.2 want: ^2.0.36
516 silly placeDep ROOT update-browserslist-db@1.2.3 OK for: browserslist@4.28.2 want: ^1.2.3
517 silly fetch manifest escalade@^3.2.0
518 silly packumentCache full:https://registry.npmjs.org/escalade cache-miss
519 http fetch GET 200 https://registry.npmjs.org/escalade 53ms (cache miss)
520 silly packumentCache full:https://registry.npmjs.org/escalade set size:undefined disposed:false
521 silly placeDep ROOT ms@2.1.3 OK for: debug@4.4.3 want: ^2.1.3
522 silly placeDep ROOT yallist@3.1.1 OK for: lru-cache@5.1.1 want: ^3.0.2
523 silly placeDep ROOT nanoid@3.3.12 OK for: postcss@8.5.15 want: ^3.3.12
524 silly placeDep ROOT source-map-js@1.2.1 OK for: postcss@8.5.15 want: ^1.2.1
525 silly placeDep ROOT scheduler@0.27.0 OK for: react-dom@19.2.6 want: ^0.27.0
526 silly fetch manifest postcss@^8.4.47
527 silly packumentCache full:https://registry.npmjs.org/postcss cache-hit
528 silly placeDep ROOT @alloc/quick-lru@5.2.0 OK for: tailwindcss@3.4.19 want: ^5.2.0
529 silly placeDep ROOT arg@5.0.2 OK for: tailwindcss@3.4.19 want: ^5.0.2
530 silly placeDep ROOT chokidar@3.6.0 OK for: tailwindcss@3.4.19 want: ^3.6.0
531 silly placeDep ROOT didyoumean@1.2.2 OK for: tailwindcss@3.4.19 want: ^1.2.2
532 silly placeDep ROOT dlv@1.1.3 OK for: tailwindcss@3.4.19 want: ^1.1.3
533 silly placeDep ROOT fast-glob@3.3.3 OK for: tailwindcss@3.4.19 want: ^3.3.2
534 silly placeDep ROOT glob-parent@6.0.2 OK for: tailwindcss@3.4.19 want: ^6.0.2
535 silly placeDep ROOT is-glob@4.0.3 OK for: tailwindcss@3.4.19 want: ^4.0.3
536 silly placeDep ROOT jiti@1.21.7 OK for: tailwindcss@3.4.19 want: ^1.21.7
537 silly placeDep ROOT lilconfig@3.1.3 OK for: tailwindcss@3.4.19 want: ^3.1.3
538 silly placeDep ROOT micromatch@4.0.8 OK for: tailwindcss@3.4.19 want: ^4.0.8
539 silly placeDep ROOT normalize-path@3.0.0 OK for: tailwindcss@3.4.19 want: ^3.0.0
540 silly placeDep ROOT object-hash@3.0.0 OK for: tailwindcss@3.4.19 want: ^3.0.0
541 silly placeDep ROOT postcss-import@15.1.0 OK for: tailwindcss@3.4.19 want: ^15.1.0
542 silly placeDep ROOT postcss-js@4.1.0 OK for: tailwindcss@3.4.19 want: ^4.0.1
543 silly placeDep ROOT postcss-load-config@6.0.1 OK for: tailwindcss@3.4.19 want: ^4.0.2 || ^5.0 || ^6.0
544 silly placeDep ROOT postcss-nested@6.2.0 OK for: tailwindcss@3.4.19 want: ^6.2.0
545 silly placeDep ROOT postcss-selector-parser@6.1.2 OK for: tailwindcss@3.4.19 want: ^6.1.2
546 silly placeDep ROOT resolve@1.22.12 OK for: tailwindcss@3.4.19 want: ^1.22.8
547 silly placeDep ROOT sucrase@3.35.1 OK for: tailwindcss@3.4.19 want: ^3.35.0
548 silly fetch manifest braces@~3.0.2
549 silly packumentCache full:https://registry.npmjs.org/braces cache-miss
550 silly fetch manifest is-glob@~4.0.1
551 silly packumentCache full:https://registry.npmjs.org/is-glob cache-miss
552 silly fetch manifest anymatch@~3.1.2
553 silly packumentCache full:https://registry.npmjs.org/anymatch cache-miss
554 silly fetch manifest readdirp@~3.6.0
555 silly packumentCache full:https://registry.npmjs.org/readdirp cache-miss
556 silly fetch manifest glob-parent@~5.1.2
557 silly packumentCache full:https://registry.npmjs.org/glob-parent cache-miss
558 silly fetch manifest is-binary-path@~2.1.0
559 silly packumentCache full:https://registry.npmjs.org/is-binary-path cache-miss
560 silly fetch manifest normalize-path@~3.0.0
561 silly packumentCache full:https://registry.npmjs.org/normalize-path cache-miss
562 silly fetch manifest fsevents@~2.3.2
563 silly packumentCache full:https://registry.npmjs.org/fsevents cache-miss
564 silly fetch manifest @nodelib/fs.stat@^2.0.2
565 silly packumentCache full:https://registry.npmjs.org/@nodelib%2ffs.stat cache-miss
566 http cache https://registry.npmjs.org/normalize-path 4ms (cache hit)
567 silly packumentCache full:https://registry.npmjs.org/normalize-path set size:28713 disposed:false
568 silly fetch manifest @nodelib/fs.walk@^1.2.3
569 silly packumentCache full:https://registry.npmjs.org/@nodelib%2ffs.walk cache-miss
570 http cache https://registry.npmjs.org/fsevents 4ms (cache hit)
571 silly packumentCache full:https://registry.npmjs.org/fsevents set size:182472 disposed:false
572 silly fetch manifest glob-parent@^5.1.2
573 silly packumentCache full:https://registry.npmjs.org/glob-parent cache-miss
574 http cache https://registry.npmjs.org/glob-parent 6ms (cache hit)
575 silly packumentCache full:https://registry.npmjs.org/glob-parent set size:42445 disposed:false
576 silly fetch manifest merge2@^1.3.0
577 silly packumentCache full:https://registry.npmjs.org/merge2 cache-miss
578 http cache https://registry.npmjs.org/is-glob 7ms (cache hit)
579 silly packumentCache full:https://registry.npmjs.org/is-glob set size:40530 disposed:false
580 silly fetch manifest is-extglob@^2.1.1
581 silly packumentCache full:https://registry.npmjs.org/is-extglob cache-miss
582 http cache https://registry.npmjs.org/glob-parent 3ms (cache hit)
583 silly packumentCache full:https://registry.npmjs.org/glob-parent set size:42445 disposed:false
584 silly packumentCache full:https://registry.npmjs.org/glob-parent dispose
585 silly fetch manifest braces@^3.0.3
586 silly packumentCache full:https://registry.npmjs.org/braces cache-miss
587 http fetch GET 200 https://registry.npmjs.org/is-binary-path 33ms (cache miss)
588 silly packumentCache full:https://registry.npmjs.org/is-binary-path set size:undefined disposed:false
589 silly fetch manifest picomatch@^2.3.1
590 silly packumentCache full:https://registry.npmjs.org/picomatch cache-miss
591 http cache https://registry.npmjs.org/picomatch 1ms (cache hit)
592 silly packumentCache full:https://registry.npmjs.org/picomatch set size:126376 disposed:false
593 silly fetch manifest resolve@^1.1.7
594 silly packumentCache full:https://registry.npmjs.org/resolve cache-miss
595 http cache https://registry.npmjs.org/resolve 1ms (cache hit)
596 silly packumentCache full:https://registry.npmjs.org/resolve set size:244568 disposed:false
597 silly fetch manifest read-cache@^1.0.0
598 silly packumentCache full:https://registry.npmjs.org/read-cache cache-miss
599 http fetch GET 200 https://registry.npmjs.org/is-extglob 35ms (cache miss)
600 silly packumentCache full:https://registry.npmjs.org/is-extglob set size:undefined disposed:false
601 silly fetch manifest camelcase-css@^2.0.1
602 silly packumentCache full:https://registry.npmjs.org/camelcase-css cache-miss
603 http fetch GET 200 https://registry.npmjs.org/braces 48ms (cache miss)
604 silly packumentCache full:https://registry.npmjs.org/braces set size:undefined disposed:false
605 silly fetch manifest postcss-selector-parser@^6.1.1
606 silly packumentCache full:https://registry.npmjs.org/postcss-selector-parser cache-miss
607 http fetch GET 200 https://registry.npmjs.org/merge2 43ms (cache miss)
608 silly packumentCache full:https://registry.npmjs.org/merge2 set size:undefined disposed:false
609 silly fetch manifest cssesc@^3.0.0
610 silly packumentCache full:https://registry.npmjs.org/cssesc cache-miss
611 http cache https://registry.npmjs.org/postcss-selector-parser 2ms (cache hit)
612 silly packumentCache full:https://registry.npmjs.org/postcss-selector-parser set size:177140 disposed:false
613 silly fetch manifest util-deprecate@^1.0.2
614 silly packumentCache full:https://registry.npmjs.org/util-deprecate cache-miss
615 http fetch GET 200 https://registry.npmjs.org/braces 46ms (cache miss)
616 silly packumentCache full:https://registry.npmjs.org/braces set size:undefined disposed:false
617 silly fetch manifest es-errors@^1.3.0
618 silly packumentCache full:https://registry.npmjs.org/es-errors cache-miss
619 http fetch GET 200 https://registry.npmjs.org/anymatch 57ms (cache miss)
620 silly packumentCache full:https://registry.npmjs.org/anymatch set size:undefined disposed:false
621 silly fetch manifest path-parse@^1.0.7
622 silly packumentCache full:https://registry.npmjs.org/path-parse cache-miss
623 http fetch GET 200 https://registry.npmjs.org/@nodelib%2ffs.walk 61ms (cache miss)
624 silly packumentCache full:https://registry.npmjs.org/@nodelib%2ffs.walk set size:undefined disposed:false
625 silly fetch manifest is-core-module@^2.16.1
626 silly packumentCache full:https://registry.npmjs.org/is-core-module cache-miss
627 http fetch GET 200 https://registry.npmjs.org/readdirp 66ms (cache miss)
628 silly packumentCache full:https://registry.npmjs.org/readdirp set size:undefined disposed:false
629 silly fetch manifest supports-preserve-symlinks-flag@^1.0.0
630 silly packumentCache full:https://registry.npmjs.org/supports-preserve-symlinks-flag cache-miss
631 http fetch GET 200 https://registry.npmjs.org/read-cache 57ms (cache miss)
632 silly packumentCache full:https://registry.npmjs.org/read-cache set size:undefined disposed:false
633 silly fetch manifest commander@^4.0.0
634 silly packumentCache full:https://registry.npmjs.org/commander cache-miss
635 http fetch GET 200 https://registry.npmjs.org/camelcase-css 52ms (cache miss)
636 silly packumentCache full:https://registry.npmjs.org/camelcase-css set size:undefined disposed:false
637 silly fetch manifest lines-and-columns@^1.1.6
638 silly packumentCache full:https://registry.npmjs.org/lines-and-columns cache-miss
639 http fetch GET 200 https://registry.npmjs.org/@nodelib%2ffs.stat 96ms (cache miss)
640 silly packumentCache full:https://registry.npmjs.org/@nodelib%2ffs.stat set size:undefined disposed:false
641 silly fetch manifest mz@^2.7.0
642 silly packumentCache full:https://registry.npmjs.org/mz cache-miss
643 http fetch GET 200 https://registry.npmjs.org/util-deprecate 58ms (cache miss)
644 silly packumentCache full:https://registry.npmjs.org/util-deprecate set size:undefined disposed:false
645 silly fetch manifest pirates@^4.0.1
646 silly packumentCache full:https://registry.npmjs.org/pirates cache-miss
647 http fetch GET 200 https://registry.npmjs.org/es-errors 54ms (cache miss)
648 silly packumentCache full:https://registry.npmjs.org/es-errors set size:undefined disposed:false
649 silly fetch manifest tinyglobby@^0.2.11
650 silly packumentCache full:https://registry.npmjs.org/tinyglobby cache-miss
651 http cache https://registry.npmjs.org/tinyglobby 1ms (cache hit)
652 silly packumentCache full:https://registry.npmjs.org/tinyglobby set size:54291 disposed:false
653 silly fetch manifest ts-interface-checker@^0.1.9
654 silly packumentCache full:https://registry.npmjs.org/ts-interface-checker cache-miss
655 http fetch GET 200 https://registry.npmjs.org/path-parse 58ms (cache miss)
656 silly packumentCache full:https://registry.npmjs.org/path-parse set size:undefined disposed:false
657 http fetch GET 200 https://registry.npmjs.org/cssesc 66ms (cache miss)
658 silly packumentCache full:https://registry.npmjs.org/cssesc set size:undefined disposed:false
659 http fetch GET 200 https://registry.npmjs.org/supports-preserve-symlinks-flag 51ms (cache miss)
660 silly packumentCache full:https://registry.npmjs.org/supports-preserve-symlinks-flag set size:undefined disposed:false
661 http fetch GET 200 https://registry.npmjs.org/is-core-module 52ms (cache miss)
662 silly packumentCache full:https://registry.npmjs.org/is-core-module set size:undefined disposed:false
663 http fetch GET 200 https://registry.npmjs.org/lines-and-columns 49ms (cache miss)
664 silly packumentCache full:https://registry.npmjs.org/lines-and-columns set size:undefined disposed:false
665 http fetch GET 200 https://registry.npmjs.org/mz 77ms (cache miss)
666 silly packumentCache full:https://registry.npmjs.org/mz set size:undefined disposed:false
667 http fetch GET 200 https://registry.npmjs.org/ts-interface-checker 69ms (cache miss)
668 silly packumentCache full:https://registry.npmjs.org/ts-interface-checker set size:undefined disposed:false
669 http fetch GET 200 https://registry.npmjs.org/pirates 78ms (cache miss)
670 silly packumentCache full:https://registry.npmjs.org/pirates set size:undefined disposed:false
671 http fetch GET 200 https://registry.npmjs.org/commander 113ms (cache miss)
672 silly packumentCache full:https://registry.npmjs.org/commander set size:undefined disposed:false
673 silly placeDep ROOT anymatch@3.1.3 OK for: chokidar@3.6.0 want: ~3.1.2
674 silly placeDep ROOT braces@3.0.3 OK for: chokidar@3.6.0 want: ~3.0.2
675 silly placeDep ROOT fsevents@2.3.3 OK for: chokidar@3.6.0 want: ~2.3.2
676 silly placeDep node_modules/chokidar glob-parent@5.1.2 OK for: chokidar@3.6.0 want: ~5.1.2
677 silly placeDep ROOT is-binary-path@2.1.0 OK for: chokidar@3.6.0 want: ~2.1.0
678 silly placeDep ROOT readdirp@3.6.0 OK for: chokidar@3.6.0 want: ~3.6.0
679 silly fetch manifest picomatch@^2.0.4
680 silly packumentCache full:https://registry.npmjs.org/picomatch cache-hit
681 silly fetch manifest fill-range@^7.1.1
682 silly packumentCache full:https://registry.npmjs.org/fill-range cache-miss
683 silly fetch manifest binary-extensions@^2.0.0
684 silly packumentCache full:https://registry.npmjs.org/binary-extensions cache-miss
685 silly fetch manifest picomatch@^2.2.1
686 silly packumentCache full:https://registry.npmjs.org/picomatch cache-hit
687 http fetch GET 200 https://registry.npmjs.org/fill-range 62ms (cache miss)
688 silly packumentCache full:https://registry.npmjs.org/fill-range set size:undefined disposed:false
689 http fetch GET 200 https://registry.npmjs.org/binary-extensions 67ms (cache miss)
690 silly packumentCache full:https://registry.npmjs.org/binary-extensions set size:undefined disposed:false
691 silly placeDep ROOT picomatch@2.3.2 OK for: anymatch@3.1.3 want: ^2.0.4
692 silly placeDep ROOT fill-range@7.1.1 OK for: braces@3.0.3 want: ^7.1.1
693 silly fetch manifest to-regex-range@^5.0.1
694 silly packumentCache full:https://registry.npmjs.org/to-regex-range cache-miss
695 http fetch GET 200 https://registry.npmjs.org/to-regex-range 62ms (cache miss)
696 silly packumentCache full:https://registry.npmjs.org/to-regex-range set size:undefined disposed:false
697 silly placeDep ROOT @nodelib/fs.stat@2.0.5 OK for: fast-glob@3.3.3 want: ^2.0.2
698 silly placeDep ROOT @nodelib/fs.walk@1.2.8 OK for: fast-glob@3.3.3 want: ^1.2.3
699 silly placeDep node_modules/fast-glob glob-parent@5.1.2 OK for: fast-glob@3.3.3 want: ^5.1.2
700 silly placeDep ROOT merge2@1.4.1 OK for: fast-glob@3.3.3 want: ^1.3.0
701 silly fetch manifest fastq@^1.6.0
702 silly packumentCache full:https://registry.npmjs.org/fastq cache-miss
703 silly fetch manifest @nodelib/fs.scandir@2.1.5
704 silly packumentCache full:https://registry.npmjs.org/@nodelib%2ffs.scandir cache-miss
705 http fetch GET 200 https://registry.npmjs.org/fastq 53ms (cache miss)
706 silly packumentCache full:https://registry.npmjs.org/fastq set size:undefined disposed:false
707 http fetch GET 200 https://registry.npmjs.org/@nodelib%2ffs.scandir 61ms (cache miss)
708 silly packumentCache full:https://registry.npmjs.org/@nodelib%2ffs.scandir set size:undefined disposed:false
709 silly placeDep ROOT @nodelib/fs.scandir@2.1.5 OK for: @nodelib/fs.walk@1.2.8 want: 2.1.5
710 silly placeDep ROOT fastq@1.20.1 OK for: @nodelib/fs.walk@1.2.8 want: ^1.6.0
711 silly fetch manifest run-parallel@^1.1.9
712 silly packumentCache full:https://registry.npmjs.org/run-parallel cache-miss
713 silly fetch manifest reusify@^1.0.4
714 silly packumentCache full:https://registry.npmjs.org/reusify cache-miss
715 http fetch GET 200 https://registry.npmjs.org/run-parallel 41ms (cache miss)
716 silly packumentCache full:https://registry.npmjs.org/run-parallel set size:undefined disposed:false
717 http fetch GET 200 https://registry.npmjs.org/reusify 41ms (cache miss)
718 silly packumentCache full:https://registry.npmjs.org/reusify set size:undefined disposed:false
719 silly placeDep ROOT run-parallel@1.2.0 OK for: @nodelib/fs.scandir@2.1.5 want: ^1.1.9
720 silly fetch manifest queue-microtask@^1.2.2
721 silly packumentCache full:https://registry.npmjs.org/queue-microtask cache-miss
722 http fetch GET 200 https://registry.npmjs.org/queue-microtask 35ms (cache miss)
723 silly packumentCache full:https://registry.npmjs.org/queue-microtask set size:undefined disposed:false
724 silly placeDep ROOT reusify@1.1.0 OK for: fastq@1.20.1 want: ^1.0.4
725 silly placeDep ROOT to-regex-range@5.0.1 OK for: fill-range@7.1.1 want: ^5.0.1
726 silly fetch manifest is-number@^7.0.0
727 silly packumentCache full:https://registry.npmjs.org/is-number cache-miss
728 http fetch GET 200 https://registry.npmjs.org/is-number 43ms (cache miss)
729 silly packumentCache full:https://registry.npmjs.org/is-number set size:undefined disposed:false
730 silly placeDep ROOT binary-extensions@2.3.0 OK for: is-binary-path@2.1.0 want: ^2.0.0
731 silly placeDep ROOT is-extglob@2.1.1 OK for: is-glob@4.0.3 want: ^2.1.1
732 silly placeDep ROOT read-cache@1.0.0 OK for: postcss-import@15.1.0 want: ^1.0.0
733 silly fetch manifest pify@^2.3.0
734 silly packumentCache full:https://registry.npmjs.org/pify cache-miss
735 http fetch GET 200 https://registry.npmjs.org/pify 31ms (cache miss)
736 silly packumentCache full:https://registry.npmjs.org/pify set size:undefined disposed:false
737 silly placeDep ROOT camelcase-css@2.0.1 OK for: postcss-js@4.1.0 want: ^2.0.1
738 silly placeDep ROOT cssesc@3.0.0 OK for: postcss-selector-parser@6.1.2 want: ^3.0.0
739 silly placeDep ROOT util-deprecate@1.0.2 OK for: postcss-selector-parser@6.1.2 want: ^1.0.2
740 silly placeDep ROOT pify@2.3.0 OK for: read-cache@1.0.0 want: ^2.3.0
741 silly placeDep ROOT es-errors@1.3.0 OK for: resolve@1.22.12 want: ^1.3.0
742 silly placeDep ROOT is-core-module@2.16.2 OK for: resolve@1.22.12 want: ^2.16.1
743 silly placeDep ROOT path-parse@1.0.7 OK for: resolve@1.22.12 want: ^1.0.7
744 silly placeDep ROOT supports-preserve-symlinks-flag@1.0.0 OK for: resolve@1.22.12 want: ^1.0.0
745 silly fetch manifest hasown@^2.0.3
746 silly packumentCache full:https://registry.npmjs.org/hasown cache-miss
747 http fetch GET 200 https://registry.npmjs.org/hasown 43ms (cache miss)
748 silly packumentCache full:https://registry.npmjs.org/hasown set size:undefined disposed:false
749 silly placeDep ROOT hasown@2.0.4 OK for: is-core-module@2.16.2 want: ^2.0.3
750 silly fetch manifest function-bind@^1.1.2
751 silly packumentCache full:https://registry.npmjs.org/function-bind cache-miss
752 http fetch GET 200 https://registry.npmjs.org/function-bind 61ms (cache miss)
753 silly packumentCache full:https://registry.npmjs.org/function-bind set size:undefined disposed:false
754 silly placeDep ROOT function-bind@1.1.2 OK for: hasown@2.0.4 want: ^1.1.2
755 silly placeDep ROOT queue-microtask@1.2.3 OK for: run-parallel@1.2.0 want: ^1.2.2
756 silly placeDep ROOT commander@4.1.1 OK for: sucrase@3.35.1 want: ^4.0.0
757 silly placeDep ROOT lines-and-columns@1.2.4 OK for: sucrase@3.35.1 want: ^1.1.6
758 silly placeDep ROOT mz@2.7.0 OK for: sucrase@3.35.1 want: ^2.7.0
759 silly placeDep ROOT pirates@4.0.7 OK for: sucrase@3.35.1 want: ^4.0.1
760 silly placeDep ROOT tinyglobby@0.2.17 OK for: sucrase@3.35.1 want: ^0.2.11
761 silly placeDep ROOT ts-interface-checker@0.1.13 OK for: sucrase@3.35.1 want: ^0.1.9
762 silly fetch manifest any-promise@^1.0.0
763 silly packumentCache full:https://registry.npmjs.org/any-promise cache-miss
764 silly fetch manifest object-assign@^4.0.1
765 silly packumentCache full:https://registry.npmjs.org/object-assign cache-miss
766 silly fetch manifest thenify-all@^1.0.0
767 silly packumentCache full:https://registry.npmjs.org/thenify-all cache-miss
768 silly fetch manifest picomatch@^4.0.4
769 silly packumentCache full:https://registry.npmjs.org/picomatch cache-hit
770 http fetch GET 200 https://registry.npmjs.org/object-assign 35ms (cache miss)
771 silly packumentCache full:https://registry.npmjs.org/object-assign set size:undefined disposed:false
772 http fetch GET 200 https://registry.npmjs.org/any-promise 44ms (cache miss)
773 silly packumentCache full:https://registry.npmjs.org/any-promise set size:undefined disposed:false
774 http fetch GET 200 https://registry.npmjs.org/thenify-all 44ms (cache miss)
775 silly packumentCache full:https://registry.npmjs.org/thenify-all set size:undefined disposed:false
776 silly placeDep ROOT any-promise@1.3.0 OK for: mz@2.7.0 want: ^1.0.0
777 silly placeDep ROOT object-assign@4.1.1 OK for: mz@2.7.0 want: ^4.0.1
778 silly placeDep ROOT thenify-all@1.6.0 OK for: mz@2.7.0 want: ^1.0.0
779 silly fetch manifest thenify@>= 3.1.0 < 4
780 silly packumentCache full:https://registry.npmjs.org/thenify cache-miss
781 http fetch GET 200 https://registry.npmjs.org/thenify 32ms (cache miss)
782 silly packumentCache full:https://registry.npmjs.org/thenify set size:undefined disposed:false
783 silly placeDep ROOT thenify@3.3.1 OK for: thenify-all@1.6.0 want: >= 3.1.0 < 4
784 silly placeDep node_modules/tinyglobby fdir@6.5.0 OK for: tinyglobby@0.2.17 want: ^6.5.0
785 silly placeDep node_modules/tinyglobby picomatch@4.0.4 OK for: fdir@6.5.0 want: ^3 || ^4
786 silly placeDep ROOT is-number@7.0.0 OK for: to-regex-range@5.0.1 want: ^7.0.0
787 silly placeDep ROOT escalade@3.2.0 OK for: update-browserslist-db@1.2.3 want: ^3.2.0
788 silly placeDep ROOT esbuild@0.27.7 OK for: vite@7.3.5 want: ^0.27.0
789 silly placeDep node_modules/vite fdir@6.5.0 OK for: vite@7.3.5 want: ^6.5.0
790 silly placeDep node_modules/vite picomatch@4.0.4 OK for: fdir@6.5.0 want: ^3 || ^4
791 silly placeDep ROOT rollup@4.61.0 OK for: vite@7.3.5 want: ^4.43.0
792 silly fetch manifest @esbuild/aix-ppc64@0.27.7
793 silly packumentCache full:https://registry.npmjs.org/@esbuild%2faix-ppc64 cache-miss
794 silly fetch manifest @esbuild/linux-arm@0.27.7
795 silly packumentCache full:https://registry.npmjs.org/@esbuild%2flinux-arm cache-miss
796 silly fetch manifest @esbuild/linux-x64@0.27.7
797 silly packumentCache full:https://registry.npmjs.org/@esbuild%2flinux-x64 cache-miss
798 silly fetch manifest @esbuild/sunos-x64@0.27.7
799 silly packumentCache full:https://registry.npmjs.org/@esbuild%2fsunos-x64 cache-miss
800 silly fetch manifest @esbuild/win32-x64@0.27.7
801 silly packumentCache full:https://registry.npmjs.org/@esbuild%2fwin32-x64 cache-miss
802 silly fetch manifest @esbuild/darwin-x64@0.27.7
803 silly packumentCache full:https://registry.npmjs.org/@esbuild%2fdarwin-x64 cache-miss
804 silly fetch manifest @esbuild/linux-ia32@0.27.7
805 silly packumentCache full:https://registry.npmjs.org/@esbuild%2flinux-ia32 cache-miss
806 silly fetch manifest @esbuild/netbsd-x64@0.27.7
807 silly packumentCache full:https://registry.npmjs.org/@esbuild%2fnetbsd-x64 cache-miss
808 silly fetch manifest @esbuild/win32-ia32@0.27.7
809 silly packumentCache full:https://registry.npmjs.org/@esbuild%2fwin32-ia32 cache-miss
810 http fetch GET 200 https://registry.npmjs.org/@esbuild%2fdarwin-x64 75ms (cache miss)
811 silly packumentCache full:https://registry.npmjs.org/@esbuild%2fdarwin-x64 set size:undefined disposed:false
812 silly fetch manifest @esbuild/android-arm@0.27.7
813 silly packumentCache full:https://registry.npmjs.org/@esbuild%2fandroid-arm cache-miss
814 http fetch GET 200 https://registry.npmjs.org/@esbuild%2faix-ppc64 112ms (cache miss)
815 silly packumentCache full:https://registry.npmjs.org/@esbuild%2faix-ppc64 set size:undefined disposed:false
816 silly fetch manifest @esbuild/android-x64@0.27.7
817 silly packumentCache full:https://registry.npmjs.org/@esbuild%2fandroid-x64 cache-miss
818 http fetch GET 200 https://registry.npmjs.org/@esbuild%2fnetbsd-x64 170ms (cache miss)
819 silly packumentCache full:https://registry.npmjs.org/@esbuild%2fnetbsd-x64 set size:undefined disposed:false
820 silly fetch manifest @esbuild/freebsd-x64@0.27.7
821 silly packumentCache full:https://registry.npmjs.org/@esbuild%2ffreebsd-x64 cache-miss
822 http fetch GET 200 https://registry.npmjs.org/@esbuild%2fwin32-x64 693ms (cache miss)
823 silly packumentCache full:https://registry.npmjs.org/@esbuild%2fwin32-x64 set size:undefined disposed:false
824 silly fetch manifest @esbuild/linux-arm64@0.27.7
825 silly packumentCache full:https://registry.npmjs.org/@esbuild%2flinux-arm64 cache-miss
826 http fetch GET 200 https://registry.npmjs.org/@esbuild%2flinux-x64 703ms (cache miss)
827 silly packumentCache full:https://registry.npmjs.org/@esbuild%2flinux-x64 set size:undefined disposed:false
828 silly fetch manifest @esbuild/linux-ppc64@0.27.7
829 silly packumentCache full:https://registry.npmjs.org/@esbuild%2flinux-ppc64 cache-miss
830 http fetch GET 200 https://registry.npmjs.org/@esbuild%2fsunos-x64 706ms (cache miss)
831 silly packumentCache full:https://registry.npmjs.org/@esbuild%2fsunos-x64 set size:undefined disposed:false
832 silly fetch manifest @esbuild/linux-s390x@0.27.7
833 silly packumentCache full:https://registry.npmjs.org/@esbuild%2flinux-s390x cache-miss
834 http fetch GET 200 https://registry.npmjs.org/@esbuild%2flinux-ia32 708ms (cache miss)
835 silly packumentCache full:https://registry.npmjs.org/@esbuild%2flinux-ia32 set size:undefined disposed:false
836 silly fetch manifest @esbuild/openbsd-x64@0.27.7
837 silly packumentCache full:https://registry.npmjs.org/@esbuild%2fopenbsd-x64 cache-miss
838 http fetch GET 200 https://registry.npmjs.org/@esbuild%2fwin32-ia32 710ms (cache miss)
839 silly packumentCache full:https://registry.npmjs.org/@esbuild%2fwin32-ia32 set size:undefined disposed:false
840 silly fetch manifest @esbuild/win32-arm64@0.27.7
841 silly packumentCache full:https://registry.npmjs.org/@esbuild%2fwin32-arm64 cache-miss
842 http fetch GET 200 https://registry.npmjs.org/@esbuild%2flinux-arm 712ms (cache miss)
843 silly packumentCache full:https://registry.npmjs.org/@esbuild%2flinux-arm set size:undefined disposed:false
844 silly fetch manifest @esbuild/darwin-arm64@0.27.7
845 silly packumentCache full:https://registry.npmjs.org/@esbuild%2fdarwin-arm64 cache-miss
846 http fetch GET 200 https://registry.npmjs.org/@esbuild%2fandroid-arm 685ms (cache miss)
847 silly packumentCache full:https://registry.npmjs.org/@esbuild%2fandroid-arm set size:undefined disposed:false
848 silly fetch manifest @esbuild/netbsd-arm64@0.27.7
849 silly packumentCache full:https://registry.npmjs.org/@esbuild%2fnetbsd-arm64 cache-miss
850 http fetch GET 200 https://registry.npmjs.org/@esbuild%2fandroid-x64 664ms (cache miss)
851 silly packumentCache full:https://registry.npmjs.org/@esbuild%2fandroid-x64 set size:undefined disposed:false
852 silly fetch manifest @esbuild/android-arm64@0.27.7
853 silly packumentCache full:https://registry.npmjs.org/@esbuild%2fandroid-arm64 cache-miss
854 http fetch GET 200 https://registry.npmjs.org/@esbuild%2flinux-s390x 94ms (cache miss)
855 silly packumentCache full:https://registry.npmjs.org/@esbuild%2flinux-s390x set size:undefined disposed:false
856 silly fetch manifest @esbuild/freebsd-arm64@0.27.7
857 silly packumentCache full:https://registry.npmjs.org/@esbuild%2ffreebsd-arm64 cache-miss
858 http fetch GET 200 https://registry.npmjs.org/@esbuild%2ffreebsd-x64 648ms (cache miss)
859 silly packumentCache full:https://registry.npmjs.org/@esbuild%2ffreebsd-x64 set size:undefined disposed:false
860 silly fetch manifest @esbuild/linux-loong64@0.27.7
861 silly packumentCache full:https://registry.npmjs.org/@esbuild%2flinux-loong64 cache-miss
862 http fetch GET 200 https://registry.npmjs.org/@esbuild%2fnetbsd-arm64 63ms (cache miss)
863 silly packumentCache full:https://registry.npmjs.org/@esbuild%2fnetbsd-arm64 set size:undefined disposed:false
864 silly fetch manifest @esbuild/linux-riscv64@0.27.7
865 silly packumentCache full:https://registry.npmjs.org/@esbuild%2flinux-riscv64 cache-miss
866 http fetch GET 200 https://registry.npmjs.org/@esbuild%2fwin32-arm64 119ms (cache miss)
867 silly packumentCache full:https://registry.npmjs.org/@esbuild%2fwin32-arm64 set size:undefined disposed:false
868 silly fetch manifest @esbuild/openbsd-arm64@0.27.7
869 silly packumentCache full:https://registry.npmjs.org/@esbuild%2fopenbsd-arm64 cache-miss
870 http fetch GET 200 https://registry.npmjs.org/@esbuild%2fdarwin-arm64 140ms (cache miss)
871 silly packumentCache full:https://registry.npmjs.org/@esbuild%2fdarwin-arm64 set size:undefined disposed:false
872 silly fetch manifest @esbuild/linux-mips64el@0.27.7
873 silly packumentCache full:https://registry.npmjs.org/@esbuild%2flinux-mips64el cache-miss
874 http fetch GET 200 https://registry.npmjs.org/@esbuild%2fopenbsd-arm64 79ms (cache miss)
875 silly packumentCache full:https://registry.npmjs.org/@esbuild%2fopenbsd-arm64 set size:undefined disposed:false
876 silly fetch manifest @esbuild/openharmony-arm64@0.27.7
877 silly packumentCache full:https://registry.npmjs.org/@esbuild%2fopenharmony-arm64 cache-miss
878 http fetch GET 200 https://registry.npmjs.org/@esbuild%2flinux-riscv64 97ms (cache miss)
879 silly packumentCache full:https://registry.npmjs.org/@esbuild%2flinux-riscv64 set size:undefined disposed:false
880 silly fetch manifest @types/estree@1.0.9
881 silly packumentCache full:https://registry.npmjs.org/@types%2festree cache-miss
882 http fetch GET 200 https://registry.npmjs.org/@esbuild%2fandroid-arm64 149ms (cache miss)
883 silly packumentCache full:https://registry.npmjs.org/@esbuild%2fandroid-arm64 set size:undefined disposed:false
884 silly fetch manifest @rollup/rollup-darwin-arm64@4.61.0
885 silly packumentCache full:https://registry.npmjs.org/@rollup%2frollup-darwin-arm64 cache-miss
886 http fetch GET 200 https://registry.npmjs.org/@esbuild%2flinux-loong64 157ms (cache miss)
887 silly packumentCache full:https://registry.npmjs.org/@esbuild%2flinux-loong64 set size:undefined disposed:false
888 silly fetch manifest @rollup/rollup-android-arm64@4.61.0
889 silly packumentCache full:https://registry.npmjs.org/@rollup%2frollup-android-arm64 cache-miss
890 http fetch GET 200 https://registry.npmjs.org/@esbuild%2flinux-mips64el 132ms (cache miss)
891 silly packumentCache full:https://registry.npmjs.org/@esbuild%2flinux-mips64el set size:undefined disposed:false
892 silly fetch manifest @rollup/rollup-win32-arm64-msvc@4.61.0
893 silly packumentCache full:https://registry.npmjs.org/@rollup%2frollup-win32-arm64-msvc cache-miss
894 http fetch GET 200 https://registry.npmjs.org/@esbuild%2ffreebsd-arm64 186ms (cache miss)
895 silly packumentCache full:https://registry.npmjs.org/@esbuild%2ffreebsd-arm64 set size:undefined disposed:false
896 silly fetch manifest @rollup/rollup-freebsd-arm64@4.61.0
897 silly packumentCache full:https://registry.npmjs.org/@rollup%2frollup-freebsd-arm64 cache-miss
898 http fetch GET 200 https://registry.npmjs.org/@esbuild%2fopenharmony-arm64 90ms (cache miss)
899 silly packumentCache full:https://registry.npmjs.org/@esbuild%2fopenharmony-arm64 set size:undefined disposed:false
900 silly fetch manifest @rollup/rollup-linux-arm64-gnu@4.61.0
901 silly packumentCache full:https://registry.npmjs.org/@rollup%2frollup-linux-arm64-gnu cache-miss
902 http fetch GET 200 https://registry.npmjs.org/@types%2festree 93ms (cache miss)
903 silly packumentCache full:https://registry.npmjs.org/@types%2festree set size:undefined disposed:false
904 silly fetch manifest @rollup/rollup-linux-arm64-musl@4.61.0
905 silly packumentCache full:https://registry.npmjs.org/@rollup%2frollup-linux-arm64-musl cache-miss
906 http fetch GET 200 https://registry.npmjs.org/@rollup%2frollup-freebsd-arm64 155ms (cache miss)
907 silly packumentCache full:https://registry.npmjs.org/@rollup%2frollup-freebsd-arm64 set size:undefined disposed:false
908 silly fetch manifest @rollup/rollup-android-arm-eabi@4.61.0
909 silly packumentCache full:https://registry.npmjs.org/@rollup%2frollup-android-arm-eabi cache-miss
910 http fetch GET 200 https://registry.npmjs.org/@rollup%2frollup-linux-arm64-gnu 149ms (cache miss)
911 silly packumentCache full:https://registry.npmjs.org/@rollup%2frollup-linux-arm64-gnu set size:undefined disposed:false
912 silly fetch manifest @rollup/rollup-linux-arm-gnueabihf@4.61.0
913 silly packumentCache full:https://registry.npmjs.org/@rollup%2frollup-linux-arm-gnueabihf cache-miss
914 http fetch GET 200 https://registry.npmjs.org/@rollup%2frollup-win32-arm64-msvc 166ms (cache miss)
915 silly packumentCache full:https://registry.npmjs.org/@rollup%2frollup-win32-arm64-msvc set size:undefined disposed:false
916 silly fetch manifest @rollup/rollup-linux-arm-musleabihf@4.61.0
917 silly packumentCache full:https://registry.npmjs.org/@rollup%2frollup-linux-arm-musleabihf cache-miss
918 http fetch GET 200 https://registry.npmjs.org/@esbuild%2flinux-arm64 460ms (cache miss)
919 silly packumentCache full:https://registry.npmjs.org/@esbuild%2flinux-arm64 set size:undefined disposed:false
920 silly fetch manifest @rollup/rollup-win32-ia32-msvc@4.61.0
921 silly packumentCache full:https://registry.npmjs.org/@rollup%2frollup-win32-ia32-msvc cache-miss
922 http fetch GET 200 https://registry.npmjs.org/@rollup%2frollup-linux-arm64-musl 136ms (cache miss)
923 silly packumentCache full:https://registry.npmjs.org/@rollup%2frollup-linux-arm64-musl set size:undefined disposed:false
924 silly fetch manifest @rollup/rollup-linux-loong64-gnu@4.61.0
925 silly packumentCache full:https://registry.npmjs.org/@rollup%2frollup-linux-loong64-gnu cache-miss
926 http fetch GET 200 https://registry.npmjs.org/@rollup%2frollup-android-arm64 183ms (cache miss)
927 silly packumentCache full:https://registry.npmjs.org/@rollup%2frollup-android-arm64 set size:undefined disposed:false
928 silly fetch manifest @rollup/rollup-linux-loong64-musl@4.61.0
929 silly packumentCache full:https://registry.npmjs.org/@rollup%2frollup-linux-loong64-musl cache-miss
930 http fetch GET 200 https://registry.npmjs.org/@rollup%2frollup-linux-loong64-gnu 59ms (cache miss)
931 silly packumentCache full:https://registry.npmjs.org/@rollup%2frollup-linux-loong64-gnu set size:undefined disposed:false
932 silly fetch manifest @rollup/rollup-linux-riscv64-gnu@4.61.0
933 silly packumentCache full:https://registry.npmjs.org/@rollup%2frollup-linux-riscv64-gnu cache-miss
934 http fetch GET 200 https://registry.npmjs.org/@rollup%2frollup-linux-loong64-musl 69ms (cache miss)
935 silly packumentCache full:https://registry.npmjs.org/@rollup%2frollup-linux-loong64-musl set size:undefined disposed:false
936 silly fetch manifest @rollup/rollup-linux-riscv64-musl@4.61.0
937 silly packumentCache full:https://registry.npmjs.org/@rollup%2frollup-linux-riscv64-musl cache-miss
938 http fetch GET 200 https://registry.npmjs.org/@rollup%2frollup-darwin-arm64 304ms (cache miss)
939 silly packumentCache full:https://registry.npmjs.org/@rollup%2frollup-darwin-arm64 set size:undefined disposed:false
940 silly fetch manifest @rollup/rollup-linux-ppc64-gnu@4.61.0
941 silly packumentCache full:https://registry.npmjs.org/@rollup%2frollup-linux-ppc64-gnu cache-miss
942 http fetch GET 200 https://registry.npmjs.org/@rollup%2frollup-linux-arm-gnueabihf 83ms (cache miss)
943 silly packumentCache full:https://registry.npmjs.org/@rollup%2frollup-linux-arm-gnueabihf set size:undefined disposed:false
944 silly fetch manifest @rollup/rollup-linux-ppc64-musl@4.61.0
945 silly packumentCache full:https://registry.npmjs.org/@rollup%2frollup-linux-ppc64-musl cache-miss
946 http fetch GET 200 https://registry.npmjs.org/@rollup%2frollup-linux-arm-musleabihf 94ms (cache miss)
947 silly packumentCache full:https://registry.npmjs.org/@rollup%2frollup-linux-arm-musleabihf set size:undefined disposed:false
948 silly fetch manifest @rollup/rollup-linux-s390x-gnu@4.61.0
949 silly packumentCache full:https://registry.npmjs.org/@rollup%2frollup-linux-s390x-gnu cache-miss
950 http fetch GET 200 https://registry.npmjs.org/@esbuild%2fopenbsd-x64 578ms (cache miss)
951 silly packumentCache full:https://registry.npmjs.org/@esbuild%2fopenbsd-x64 set size:undefined disposed:false
952 silly fetch manifest @rollup/rollup-darwin-x64@4.61.0
953 silly packumentCache full:https://registry.npmjs.org/@rollup%2frollup-darwin-x64 cache-miss
954 http fetch GET 200 https://registry.npmjs.org/@rollup%2frollup-android-arm-eabi 147ms (cache miss)
955 silly packumentCache full:https://registry.npmjs.org/@rollup%2frollup-android-arm-eabi set size:undefined disposed:false
956 silly fetch manifest @rollup/rollup-win32-x64-gnu@4.61.0
957 silly packumentCache full:https://registry.npmjs.org/@rollup%2frollup-win32-x64-gnu cache-miss
958 http fetch GET 200 https://registry.npmjs.org/@rollup%2frollup-linux-ppc64-gnu 82ms (cache miss)
959 silly packumentCache full:https://registry.npmjs.org/@rollup%2frollup-linux-ppc64-gnu set size:undefined disposed:false
960 silly fetch manifest @rollup/rollup-win32-x64-msvc@4.61.0
961 silly packumentCache full:https://registry.npmjs.org/@rollup%2frollup-win32-x64-msvc cache-miss
962 http fetch GET 200 https://registry.npmjs.org/@rollup%2frollup-linux-ppc64-musl 98ms (cache miss)
963 silly packumentCache full:https://registry.npmjs.org/@rollup%2frollup-linux-ppc64-musl set size:undefined disposed:false
964 silly fetch manifest @rollup/rollup-freebsd-x64@4.61.0
965 silly packumentCache full:https://registry.npmjs.org/@rollup%2frollup-freebsd-x64 cache-miss
966 http fetch GET 200 https://registry.npmjs.org/@rollup%2frollup-linux-riscv64-musl 102ms (cache miss)
967 silly packumentCache full:https://registry.npmjs.org/@rollup%2frollup-linux-riscv64-musl set size:undefined disposed:false
968 silly fetch manifest @rollup/rollup-linux-x64-gnu@4.61.0
969 silly packumentCache full:https://registry.npmjs.org/@rollup%2frollup-linux-x64-gnu cache-miss
970 http fetch GET 200 https://registry.npmjs.org/@rollup%2frollup-linux-riscv64-gnu 161ms (cache miss)
971 silly packumentCache full:https://registry.npmjs.org/@rollup%2frollup-linux-riscv64-gnu set size:undefined disposed:false
972 silly fetch manifest @rollup/rollup-linux-x64-musl@4.61.0
973 silly packumentCache full:https://registry.npmjs.org/@rollup%2frollup-linux-x64-musl cache-miss
974 http fetch GET 200 https://registry.npmjs.org/@rollup%2frollup-linux-s390x-gnu 134ms (cache miss)
975 silly packumentCache full:https://registry.npmjs.org/@rollup%2frollup-linux-s390x-gnu set size:undefined disposed:false
976 silly fetch manifest @rollup/rollup-openbsd-x64@4.61.0
977 silly packumentCache full:https://registry.npmjs.org/@rollup%2frollup-openbsd-x64 cache-miss
978 http fetch GET 200 https://registry.npmjs.org/@rollup%2frollup-win32-x64-gnu 100ms (cache miss)
979 silly packumentCache full:https://registry.npmjs.org/@rollup%2frollup-win32-x64-gnu set size:undefined disposed:false
980 silly fetch manifest @rollup/rollup-openharmony-arm64@4.61.0
981 silly packumentCache full:https://registry.npmjs.org/@rollup%2frollup-openharmony-arm64 cache-miss
982 http fetch GET 200 https://registry.npmjs.org/@rollup%2frollup-freebsd-x64 92ms (cache miss)
983 silly packumentCache full:https://registry.npmjs.org/@rollup%2frollup-freebsd-x64 set size:undefined disposed:false
984 http fetch GET 200 https://registry.npmjs.org/@rollup%2frollup-openbsd-x64 46ms (cache miss)
985 silly packumentCache full:https://registry.npmjs.org/@rollup%2frollup-openbsd-x64 set size:undefined disposed:false
986 http fetch GET 200 https://registry.npmjs.org/@rollup%2frollup-darwin-x64 155ms (cache miss)
987 silly packumentCache full:https://registry.npmjs.org/@rollup%2frollup-darwin-x64 set size:undefined disposed:false
988 http fetch GET 200 https://registry.npmjs.org/@rollup%2frollup-linux-x64-gnu 145ms (cache miss)
989 silly packumentCache full:https://registry.npmjs.org/@rollup%2frollup-linux-x64-gnu set size:undefined disposed:false
990 http fetch GET 200 https://registry.npmjs.org/@rollup%2frollup-openharmony-arm64 86ms (cache miss)
991 silly packumentCache full:https://registry.npmjs.org/@rollup%2frollup-openharmony-arm64 set size:undefined disposed:false
992 http fetch GET 200 https://registry.npmjs.org/@rollup%2frollup-win32-ia32-msvc 430ms (cache miss)
993 silly packumentCache full:https://registry.npmjs.org/@rollup%2frollup-win32-ia32-msvc set size:undefined disposed:false
994 http fetch GET 200 https://registry.npmjs.org/@rollup%2frollup-win32-x64-msvc 273ms (cache miss)
995 silly packumentCache full:https://registry.npmjs.org/@rollup%2frollup-win32-x64-msvc set size:undefined disposed:false
996 http fetch GET 200 https://registry.npmjs.org/@esbuild%2flinux-ppc64 980ms (cache miss)
997 silly packumentCache full:https://registry.npmjs.org/@esbuild%2flinux-ppc64 set size:undefined disposed:false
998 http fetch GET 200 https://registry.npmjs.org/@rollup%2frollup-linux-x64-musl 950ms (cache miss)
999 silly packumentCache full:https://registry.npmjs.org/@rollup%2frollup-linux-x64-musl set size:undefined disposed:false
1000 silly placeDep ROOT @esbuild/aix-ppc64@0.27.7 OK for: esbuild@0.27.7 want: 0.27.7
1001 silly placeDep ROOT @esbuild/android-arm@0.27.7 OK for: esbuild@0.27.7 want: 0.27.7
1002 silly placeDep ROOT @esbuild/android-arm64@0.27.7 OK for: esbuild@0.27.7 want: 0.27.7
1003 silly placeDep ROOT @esbuild/android-x64@0.27.7 OK for: esbuild@0.27.7 want: 0.27.7
1004 silly placeDep ROOT @esbuild/darwin-arm64@0.27.7 OK for: esbuild@0.27.7 want: 0.27.7
1005 silly placeDep ROOT @esbuild/darwin-x64@0.27.7 OK for: esbuild@0.27.7 want: 0.27.7
1006 silly placeDep ROOT @esbuild/freebsd-arm64@0.27.7 OK for: esbuild@0.27.7 want: 0.27.7
1007 silly placeDep ROOT @esbuild/freebsd-x64@0.27.7 OK for: esbuild@0.27.7 want: 0.27.7
1008 silly placeDep ROOT @esbuild/linux-arm@0.27.7 OK for: esbuild@0.27.7 want: 0.27.7
1009 silly placeDep ROOT @esbuild/linux-arm64@0.27.7 OK for: esbuild@0.27.7 want: 0.27.7
1010 silly placeDep ROOT @esbuild/linux-ia32@0.27.7 OK for: esbuild@0.27.7 want: 0.27.7
1011 silly placeDep ROOT @esbuild/linux-loong64@0.27.7 OK for: esbuild@0.27.7 want: 0.27.7
1012 silly placeDep ROOT @esbuild/linux-mips64el@0.27.7 OK for: esbuild@0.27.7 want: 0.27.7
1013 silly placeDep ROOT @esbuild/linux-ppc64@0.27.7 OK for: esbuild@0.27.7 want: 0.27.7
1014 silly placeDep ROOT @esbuild/linux-riscv64@0.27.7 OK for: esbuild@0.27.7 want: 0.27.7
1015 silly placeDep ROOT @esbuild/linux-s390x@0.27.7 OK for: esbuild@0.27.7 want: 0.27.7
1016 silly placeDep ROOT @esbuild/linux-x64@0.27.7 OK for: esbuild@0.27.7 want: 0.27.7
1017 silly placeDep ROOT @esbuild/netbsd-arm64@0.27.7 OK for: esbuild@0.27.7 want: 0.27.7
1018 silly placeDep ROOT @esbuild/netbsd-x64@0.27.7 OK for: esbuild@0.27.7 want: 0.27.7
1019 silly placeDep ROOT @esbuild/openbsd-arm64@0.27.7 OK for: esbuild@0.27.7 want: 0.27.7
1020 silly placeDep ROOT @esbuild/openbsd-x64@0.27.7 OK for: esbuild@0.27.7 want: 0.27.7
1021 silly placeDep ROOT @esbuild/openharmony-arm64@0.27.7 OK for: esbuild@0.27.7 want: 0.27.7
1022 silly placeDep ROOT @esbuild/sunos-x64@0.27.7 OK for: esbuild@0.27.7 want: 0.27.7
1023 silly placeDep ROOT @esbuild/win32-arm64@0.27.7 OK for: esbuild@0.27.7 want: 0.27.7
1024 silly placeDep ROOT @esbuild/win32-ia32@0.27.7 OK for: esbuild@0.27.7 want: 0.27.7
1025 silly placeDep ROOT @esbuild/win32-x64@0.27.7 OK for: esbuild@0.27.7 want: 0.27.7
1026 silly placeDep ROOT @rollup/rollup-android-arm-eabi@4.61.0 OK for: rollup@4.61.0 want: 4.61.0
1027 silly placeDep ROOT @rollup/rollup-android-arm64@4.61.0 OK for: rollup@4.61.0 want: 4.61.0
1028 silly placeDep ROOT @rollup/rollup-darwin-arm64@4.61.0 OK for: rollup@4.61.0 want: 4.61.0
1029 silly placeDep ROOT @rollup/rollup-darwin-x64@4.61.0 OK for: rollup@4.61.0 want: 4.61.0
1030 silly placeDep ROOT @rollup/rollup-freebsd-arm64@4.61.0 OK for: rollup@4.61.0 want: 4.61.0
1031 silly placeDep ROOT @rollup/rollup-freebsd-x64@4.61.0 OK for: rollup@4.61.0 want: 4.61.0
1032 silly placeDep ROOT @rollup/rollup-linux-arm-gnueabihf@4.61.0 OK for: rollup@4.61.0 want: 4.61.0
1033 silly placeDep ROOT @rollup/rollup-linux-arm-musleabihf@4.61.0 OK for: rollup@4.61.0 want: 4.61.0
1034 silly placeDep ROOT @rollup/rollup-linux-arm64-gnu@4.61.0 OK for: rollup@4.61.0 want: 4.61.0
1035 silly placeDep ROOT @rollup/rollup-linux-arm64-musl@4.61.0 OK for: rollup@4.61.0 want: 4.61.0
1036 silly placeDep ROOT @rollup/rollup-linux-loong64-gnu@4.61.0 OK for: rollup@4.61.0 want: 4.61.0
1037 silly placeDep ROOT @rollup/rollup-linux-loong64-musl@4.61.0 OK for: rollup@4.61.0 want: 4.61.0
1038 silly placeDep ROOT @rollup/rollup-linux-ppc64-gnu@4.61.0 OK for: rollup@4.61.0 want: 4.61.0
1039 silly placeDep ROOT @rollup/rollup-linux-ppc64-musl@4.61.0 OK for: rollup@4.61.0 want: 4.61.0
1040 silly placeDep ROOT @rollup/rollup-linux-riscv64-gnu@4.61.0 OK for: rollup@4.61.0 want: 4.61.0
1041 silly placeDep ROOT @rollup/rollup-linux-riscv64-musl@4.61.0 OK for: rollup@4.61.0 want: 4.61.0
1042 silly placeDep ROOT @rollup/rollup-linux-s390x-gnu@4.61.0 OK for: rollup@4.61.0 want: 4.61.0
1043 silly placeDep ROOT @rollup/rollup-linux-x64-gnu@4.61.0 OK for: rollup@4.61.0 want: 4.61.0
1044 silly placeDep ROOT @rollup/rollup-linux-x64-musl@4.61.0 OK for: rollup@4.61.0 want: 4.61.0
1045 silly placeDep ROOT @rollup/rollup-openbsd-x64@4.61.0 OK for: rollup@4.61.0 want: 4.61.0
1046 silly placeDep ROOT @rollup/rollup-openharmony-arm64@4.61.0 OK for: rollup@4.61.0 want: 4.61.0
1047 silly placeDep ROOT @rollup/rollup-win32-arm64-msvc@4.61.0 OK for: rollup@4.61.0 want: 4.61.0
1048 silly placeDep ROOT @rollup/rollup-win32-ia32-msvc@4.61.0 OK for: rollup@4.61.0 want: 4.61.0
1049 silly placeDep ROOT @rollup/rollup-win32-x64-gnu@4.61.0 OK for: rollup@4.61.0 want: 4.61.0
1050 silly placeDep ROOT @rollup/rollup-win32-x64-msvc@4.61.0 OK for: rollup@4.61.0 want: 4.61.0
1051 silly placeDep ROOT @types/estree@1.0.9 OK for: rollup@4.61.0 want: 1.0.9
1052 silly reify moves {}
1053 silly audit bulk request {
1053 silly audit   '@vitejs/plugin-react': [ '5.2.0' ],
1053 silly audit   vite: [ '7.3.5' ],
1053 silly audit   autoprefixer: [ '10.5.0' ],
1053 silly audit   postcss: [ '8.5.15' ],
1053 silly audit   'lucide-react': [ '0.468.0' ],
1053 silly audit   react: [ '19.2.6' ],
1053 silly audit   'react-dom': [ '19.2.6' ],
1053 silly audit   tailwindcss: [ '3.4.19' ],
1053 silly audit   typescript: [ '5.9.3' ],
1053 silly audit   '@babel/core': [ '7.29.7' ],
1053 silly audit   '@babel/plugin-transform-react-jsx-self': [ '7.29.7' ],
1053 silly audit   '@babel/plugin-transform-react-jsx-source': [ '7.29.7' ],
1053 silly audit   '@rolldown/pluginutils': [ '1.0.0-rc.3' ],
1053 silly audit   '@types/babel__core': [ '7.20.5' ],
1053 silly audit   'react-refresh': [ '0.18.0' ],
1053 silly audit   '@babel/code-frame': [ '7.29.7' ],
1053 silly audit   '@babel/generator': [ '7.29.7' ],
1053 silly audit   '@babel/helper-compilation-targets': [ '7.29.7' ],
1053 silly audit   '@babel/helper-module-transforms': [ '7.29.7' ],
1053 silly audit   '@babel/helpers': [ '7.29.7' ],
1053 silly audit   '@babel/parser': [ '7.29.7' ],
1053 silly audit   '@babel/template': [ '7.29.7' ],
1053 silly audit   '@babel/traverse': [ '7.29.7' ],
1053 silly audit   '@babel/types': [ '7.29.7' ],
1053 silly audit   '@jridgewell/remapping': [ '2.3.5' ],
1053 silly audit   'convert-source-map': [ '2.0.0' ],
1053 silly audit   debug: [ '4.4.3' ],
1053 silly audit   gensync: [ '1.0.0-beta.2' ],
1053 silly audit   json5: [ '2.2.3' ],
1053 silly audit   semver: [ '6.3.1' ],
1053 silly audit   '@babel/helper-validator-identifier': [ '7.29.7' ],
1053 silly audit   'js-tokens': [ '4.0.0' ],
1053 silly audit   picocolors: [ '1.1.1' ],
1053 silly audit   '@jridgewell/gen-mapping': [ '0.3.13' ],
1053 silly audit   '@jridgewell/trace-mapping': [ '0.3.31' ],
1053 silly audit   jsesc: [ '3.1.0' ],
1053 silly audit   '@babel/compat-data': [ '7.29.7' ],
1053 silly audit   '@babel/helper-validator-option': [ '7.29.7' ],
1053 silly audit   browserslist: [ '4.28.2' ],
1053 silly audit   'lru-cache': [ '5.1.1' ],
1053 silly audit   '@babel/helper-module-imports': [ '7.29.7' ],
1053 silly audit   '@babel/helper-plugin-utils': [ '7.29.7' ],
1053 silly audit   '@babel/helper-globals': [ '7.29.7' ],
1053 silly audit   '@babel/helper-string-parser': [ '7.29.7' ],
1053 silly audit   '@jridgewell/sourcemap-codec': [ '1.5.5' ],
1053 silly audit   '@jridgewell/resolve-uri': [ '3.1.2' ],
1053 silly audit   '@types/babel__generator': [ '7.27.0' ],
1053 silly audit   '@types/babel__template': [ '7.4.4' ],
1053 silly audit   '@types/babel__traverse': [ '7.28.0' ],
1053 silly audit   'caniuse-lite': [ '1.0.30001793' ],
1053 silly audit   'fraction.js': [ '5.3.4' ],
1053 silly audit   'postcss-value-parser': [ '4.2.0' ],
1053 silly audit   'baseline-browser-mapping': [ '2.10.33' ],
1053 silly audit   'electron-to-chromium': [ '1.5.364' ],
1053 silly audit   'node-releases': [ '2.0.46' ],
1053 silly audit   'update-browserslist-db': [ '1.2.3' ],
1053 silly audit   ms: [ '2.1.3' ],
1053 silly audit   yallist: [ '3.1.1' ],
1053 silly audit   nanoid: [ '3.3.12' ],
1053 silly audit   'source-map-js': [ '1.2.1' ],
1053 silly audit   scheduler: [ '0.27.0' ],
1053 silly audit   '@alloc/quick-lru': [ '5.2.0' ],
1053 silly audit   arg: [ '5.0.2' ],
1053 silly audit   chokidar: [ '3.6.0' ],
1053 silly audit   didyoumean: [ '1.2.2' ],
1053 silly audit   dlv: [ '1.1.3' ],
1053 silly audit   'fast-glob': [ '3.3.3' ],
1053 silly audit   'glob-parent': [ '6.0.2', '5.1.2' ],
1053 silly audit   'is-glob': [ '4.0.3' ],
1053 silly audit   jiti: [ '1.21.7' ],
1053 silly audit   lilconfig: [ '3.1.3' ],
1053 silly audit   micromatch: [ '4.0.8' ],
1053 silly audit   'normalize-path': [ '3.0.0' ],
1053 silly audit   'object-hash': [ '3.0.0' ],
1053 silly audit   'postcss-import': [ '15.1.0' ],
1053 silly audit   'postcss-js': [ '4.1.0' ],
1053 silly audit   'postcss-load-config': [ '6.0.1' ],
1053 silly audit   'postcss-nested': [ '6.2.0' ],
1053 silly audit   'postcss-selector-parser': [ '6.1.2' ],
1053 silly audit   resolve: [ '1.22.12' ],
1053 silly audit   sucrase: [ '3.35.1' ],
1053 silly audit   anymatch: [ '3.1.3' ],
1053 silly audit   braces: [ '3.0.3' ],
1053 silly audit   fsevents: [ '2.3.3' ],
1053 silly audit   'is-binary-path': [ '2.1.0' ],
1053 silly audit   readdirp: [ '3.6.0' ],
1053 silly audit   picomatch: [ '2.3.2', '4.0.4' ],
1053 silly audit   'fill-range': [ '7.1.1' ],
1053 silly audit   '@nodelib/fs.stat': [ '2.0.5' ],
1053 silly audit   '@nodelib/fs.walk': [ '1.2.8' ],
1053 silly audit   merge2: [ '1.4.1' ],
1053 silly audit   '@nodelib/fs.scandir': [ '2.1.5' ],
1053 silly audit   fastq: [ '1.20.1' ],
1053 silly audit   'run-parallel': [ '1.2.0' ],
1053 silly audit   reusify: [ '1.1.0' ],
1053 silly audit   'to-regex-range': [ '5.0.1' ],
1053 silly audit   'binary-extensions': [ '2.3.0' ],
1053 silly audit   'is-extglob': [ '2.1.1' ],
1053 silly audit   'read-cache': [ '1.0.0' ],
1053 silly audit   'camelcase-css': [ '2.0.1' ],
1053 silly audit   cssesc: [ '3.0.0' ],
1053 silly audit   'util-deprecate': [ '1.0.2' ],
1053 silly audit   pify: [ '2.3.0' ],
1053 silly audit   'es-errors': [ '1.3.0' ],
1053 silly audit   'is-core-module': [ '2.16.2' ],
1053 silly audit   'path-parse': [ '1.0.7' ],
1053 silly audit   'supports-preserve-symlinks-flag': [ '1.0.0' ],
1053 silly audit   hasown: [ '2.0.4' ],
1053 silly audit   'function-bind': [ '1.1.2' ],
1053 silly audit   'queue-microtask': [ '1.2.3' ],
1053 silly audit   commander: [ '4.1.1' ],
1053 silly audit   'lines-and-columns': [ '1.2.4' ],
1053 silly audit   mz: [ '2.7.0' ],
1053 silly audit   pirates: [ '4.0.7' ],
1053 silly audit   tinyglobby: [ '0.2.17' ],
1053 silly audit   'ts-interface-checker': [ '0.1.13' ],
1053 silly audit   'any-promise': [ '1.3.0' ],
1053 silly audit   'object-assign': [ '4.1.1' ],
1053 silly audit   'thenify-all': [ '1.6.0' ],
1053 silly audit   thenify: [ '3.3.1' ],
1053 silly audit   fdir: [ '6.5.0' ],
1053 silly audit   'is-number': [ '7.0.0' ],
1053 silly audit   escalade: [ '3.2.0' ],
1053 silly audit   esbuild: [ '0.27.7' ],
1053 silly audit   rollup: [ '4.61.0' ],
1053 silly audit   '@esbuild/aix-ppc64': [ '0.27.7' ],
1053 silly audit   '@esbuild/android-arm': [ '0.27.7' ],
1053 silly audit   '@esbuild/android-arm64': [ '0.27.7' ],
1053 silly audit   '@esbuild/android-x64': [ '0.27.7' ],
1053 silly audit   '@esbuild/darwin-arm64': [ '0.27.7' ],
1053 silly audit   '@esbuild/darwin-x64': [ '0.27.7' ],
1053 silly audit   '@esbuild/freebsd-arm64': [ '0.27.7' ],
1053 silly audit   '@esbuild/freebsd-x64': [ '0.27.7' ],
1053 silly audit   '@esbuild/linux-arm': [ '0.27.7' ],
1053 silly audit   '@esbuild/linux-arm64': [ '0.27.7' ],
1053 silly audit   '@esbuild/linux-ia32': [ '0.27.7' ],
1053 silly audit   '@esbuild/linux-loong64': [ '0.27.7' ],
1053 silly audit   '@esbuild/linux-mips64el': [ '0.27.7' ],
1053 silly audit   '@esbuild/linux-ppc64': [ '0.27.7' ],
1053 silly audit   '@esbuild/linux-riscv64': [ '0.27.7' ],
1053 silly audit   '@esbuild/linux-s390x': [ '0.27.7' ],
1053 silly audit   '@esbuild/linux-x64': [ '0.27.7' ],
1053 silly audit   '@esbuild/netbsd-arm64': [ '0.27.7' ],
1053 silly audit   '@esbuild/netbsd-x64': [ '0.27.7' ],
1053 silly audit   '@esbuild/openbsd-arm64': [ '0.27.7' ],
1053 silly audit   '@esbuild/openbsd-x64': [ '0.27.7' ],
1053 silly audit   '@esbuild/openharmony-arm64': [ '0.27.7' ],
1053 silly audit   '@esbuild/sunos-x64': [ '0.27.7' ],
1053 silly audit   '@esbuild/win32-arm64': [ '0.27.7' ],
1053 silly audit   '@esbuild/win32-ia32': [ '0.27.7' ],
1053 silly audit   '@esbuild/win32-x64': [ '0.27.7' ],
1053 silly audit   '@rollup/rollup-android-arm-eabi': [ '4.61.0' ],
1053 silly audit   '@rollup/rollup-android-arm64': [ '4.61.0' ],
1053 silly audit   '@rollup/rollup-darwin-arm64': [ '4.61.0' ],
1053 silly audit   '@rollup/rollup-darwin-x64': [ '4.61.0' ],
1053 silly audit   '@rollup/rollup-freebsd-arm64': [ '4.61.0' ],
1053 silly audit   '@rollup/rollup-freebsd-x64': [ '4.61.0' ],
1053 silly audit   '@rollup/rollup-linux-arm-gnueabihf': [ '4.61.0' ],
1053 silly audit   '@rollup/rollup-linux-arm-musleabihf': [ '4.61.0' ],
1053 silly audit   '@rollup/rollup-linux-arm64-gnu': [ '4.61.0' ],
1053 silly audit   '@rollup/rollup-linux-arm64-musl': [ '4.61.0' ],
1053 silly audit   '@rollup/rollup-linux-loong64-gnu': [ '4.61.0' ],
1053 silly audit   '@rollup/rollup-linux-loong64-musl': [ '4.61.0' ],
1053 silly audit   '@rollup/rollup-linux-ppc64-gnu': [ '4.61.0' ],
1053 silly audit   '@rollup/rollup-linux-ppc64-musl': [ '4.61.0' ],
1053 silly audit   '@rollup/rollup-linux-riscv64-gnu': [ '4.61.0' ],
1053 silly audit   '@rollup/rollup-linux-riscv64-musl': [ '4.61.0' ],
1053 silly audit   '@rollup/rollup-linux-s390x-gnu': [ '4.61.0' ],
1053 silly audit   '@rollup/rollup-linux-x64-gnu': [ '4.61.0' ],
1053 silly audit   '@rollup/rollup-linux-x64-musl': [ '4.61.0' ],
1053 silly audit   '@rollup/rollup-openbsd-x64': [ '4.61.0' ],
1053 silly audit   '@rollup/rollup-openharmony-arm64': [ '4.61.0' ],
1053 silly audit   '@rollup/rollup-win32-arm64-msvc': [ '4.61.0' ],
1053 silly audit   '@rollup/rollup-win32-ia32-msvc': [ '4.61.0' ],
1053 silly audit   '@rollup/rollup-win32-x64-gnu': [ '4.61.0' ],
1053 silly audit   '@rollup/rollup-win32-x64-msvc': [ '4.61.0' ],
1053 silly audit   '@types/estree': [ '1.0.9' ]
1053 silly audit }
1054 http cache @rollup/rollup-darwin-arm64@https://registry.npmjs.org/@rollup/rollup-darwin-arm64/-/rollup-darwin-arm64-4.61.0.tgz 0ms (cache hit)
1055 http cache @esbuild/darwin-arm64@https://registry.npmjs.org/@esbuild/darwin-arm64/-/darwin-arm64-0.27.7.tgz 0ms (cache hit)
1056 http cache esbuild@https://registry.npmjs.org/esbuild/-/esbuild-0.27.7.tgz 0ms (cache hit)
1057 http cache @types/estree@https://registry.npmjs.org/@types/estree/-/estree-1.0.9.tgz 0ms (cache hit)
1058 http cache thenify@https://registry.npmjs.org/thenify/-/thenify-3.3.1.tgz 0ms (cache hit)
1059 http cache thenify-all@https://registry.npmjs.org/thenify-all/-/thenify-all-1.6.0.tgz 0ms (cache hit)
1060 http cache any-promise@https://registry.npmjs.org/any-promise/-/any-promise-1.3.0.tgz 0ms (cache hit)
1061 http cache ts-interface-checker@https://registry.npmjs.org/ts-interface-checker/-/ts-interface-checker-0.1.13.tgz 0ms (cache hit)
1062 http cache rollup@https://registry.npmjs.org/rollup/-/rollup-4.61.0.tgz 0ms (cache hit)
1063 http cache object-assign@https://registry.npmjs.org/object-assign/-/object-assign-4.1.1.tgz 0ms (cache hit)
1064 http cache escalade@https://registry.npmjs.org/escalade/-/escalade-3.2.0.tgz 0ms (cache hit)
1065 http cache pirates@https://registry.npmjs.org/pirates/-/pirates-4.0.7.tgz 0ms (cache hit)
1066 http cache mz@https://registry.npmjs.org/mz/-/mz-2.7.0.tgz 0ms (cache hit)
1067 http cache tinyglobby@https://registry.npmjs.org/tinyglobby/-/tinyglobby-0.2.17.tgz 0ms (cache hit)
1068 http cache lines-and-columns@https://registry.npmjs.org/lines-and-columns/-/lines-and-columns-1.2.4.tgz 0ms (cache hit)
1069 http cache commander@https://registry.npmjs.org/commander/-/commander-4.1.1.tgz 0ms (cache hit)
1070 http cache queue-microtask@https://registry.npmjs.org/queue-microtask/-/queue-microtask-1.2.3.tgz 0ms (cache hit)
1071 http cache function-bind@https://registry.npmjs.org/function-bind/-/function-bind-1.1.2.tgz 0ms (cache hit)
1072 http cache supports-preserve-symlinks-flag@https://registry.npmjs.org/supports-preserve-symlinks-flag/-/supports-preserve-symlinks-flag-1.0.0.tgz 0ms (cache hit)
1073 http cache path-parse@https://registry.npmjs.org/path-parse/-/path-parse-1.0.7.tgz 0ms (cache hit)
1074 http cache is-core-module@https://registry.npmjs.org/is-core-module/-/is-core-module-2.16.2.tgz 0ms (cache hit)
1075 http cache es-errors@https://registry.npmjs.org/es-errors/-/es-errors-1.3.0.tgz 0ms (cache hit)
1076 http cache pify@https://registry.npmjs.org/pify/-/pify-2.3.0.tgz 0ms (cache hit)
1077 http cache hasown@https://registry.npmjs.org/hasown/-/hasown-2.0.4.tgz 0ms (cache hit)
1078 http cache util-deprecate@https://registry.npmjs.org/util-deprecate/-/util-deprecate-1.0.2.tgz 0ms (cache hit)
1079 http cache cssesc@https://registry.npmjs.org/cssesc/-/cssesc-3.0.0.tgz 0ms (cache hit)
1080 http cache camelcase-css@https://registry.npmjs.org/camelcase-css/-/camelcase-css-2.0.1.tgz 0ms (cache hit)
1081 http cache to-regex-range@https://registry.npmjs.org/to-regex-range/-/to-regex-range-5.0.1.tgz 0ms (cache hit)
1082 http cache is-extglob@https://registry.npmjs.org/is-extglob/-/is-extglob-2.1.1.tgz 0ms (cache hit)
1083 http cache binary-extensions@https://registry.npmjs.org/binary-extensions/-/binary-extensions-2.3.0.tgz 0ms (cache hit)
1084 http cache reusify@https://registry.npmjs.org/reusify/-/reusify-1.1.0.tgz 0ms (cache hit)
1085 http cache run-parallel@https://registry.npmjs.org/run-parallel/-/run-parallel-1.2.0.tgz 0ms (cache hit)
1086 http cache read-cache@https://registry.npmjs.org/read-cache/-/read-cache-1.0.0.tgz 0ms (cache hit)
1087 http cache is-number@https://registry.npmjs.org/is-number/-/is-number-7.0.0.tgz 0ms (cache hit)
1088 http cache @nodelib/fs.scandir@https://registry.npmjs.org/@nodelib/fs.scandir/-/fs.scandir-2.1.5.tgz 0ms (cache hit)
1089 http cache fastq@https://registry.npmjs.org/fastq/-/fastq-1.20.1.tgz 0ms (cache hit)
1090 http cache @nodelib/fs.walk@https://registry.npmjs.org/@nodelib/fs.walk/-/fs.walk-1.2.8.tgz 0ms (cache hit)
1091 http cache @nodelib/fs.stat@https://registry.npmjs.org/@nodelib/fs.stat/-/fs.stat-2.0.5.tgz 0ms (cache hit)
1092 http cache fill-range@https://registry.npmjs.org/fill-range/-/fill-range-7.1.1.tgz 0ms (cache hit)
1093 http cache merge2@https://registry.npmjs.org/merge2/-/merge2-1.4.1.tgz 0ms (cache hit)
1094 http cache picomatch@https://registry.npmjs.org/picomatch/-/picomatch-2.3.2.tgz 0ms (cache hit)
1095 http cache readdirp@https://registry.npmjs.org/readdirp/-/readdirp-3.6.0.tgz 0ms (cache hit)
1096 http cache fsevents@https://registry.npmjs.org/fsevents/-/fsevents-2.3.3.tgz 0ms (cache hit)
1097 http cache braces@https://registry.npmjs.org/braces/-/braces-3.0.3.tgz 0ms (cache hit)
1098 http cache anymatch@https://registry.npmjs.org/anymatch/-/anymatch-3.1.3.tgz 0ms (cache hit)
1099 http cache sucrase@https://registry.npmjs.org/sucrase/-/sucrase-3.35.1.tgz 0ms (cache hit)
1100 http cache is-binary-path@https://registry.npmjs.org/is-binary-path/-/is-binary-path-2.1.0.tgz 0ms (cache hit)
1101 http cache resolve@https://registry.npmjs.org/resolve/-/resolve-1.22.12.tgz 0ms (cache hit)
1102 http cache postcss-selector-parser@https://registry.npmjs.org/postcss-selector-parser/-/postcss-selector-parser-6.1.2.tgz 0ms (cache hit)
1103 http cache postcss-import@https://registry.npmjs.org/postcss-import/-/postcss-import-15.1.0.tgz 0ms (cache hit)
1104 http cache postcss-load-config@https://registry.npmjs.org/postcss-load-config/-/postcss-load-config-6.0.1.tgz 0ms (cache hit)
1105 http cache object-hash@https://registry.npmjs.org/object-hash/-/object-hash-3.0.0.tgz 0ms (cache hit)
1106 http cache postcss-nested@https://registry.npmjs.org/postcss-nested/-/postcss-nested-6.2.0.tgz 0ms (cache hit)
1107 http cache normalize-path@https://registry.npmjs.org/normalize-path/-/normalize-path-3.0.0.tgz 0ms (cache hit)
1108 http cache lilconfig@https://registry.npmjs.org/lilconfig/-/lilconfig-3.1.3.tgz 0ms (cache hit)
1109 http cache micromatch@https://registry.npmjs.org/micromatch/-/micromatch-4.0.8.tgz 0ms (cache hit)
1110 http cache postcss-js@https://registry.npmjs.org/postcss-js/-/postcss-js-4.1.0.tgz 0ms (cache hit)
1111 http cache jiti@https://registry.npmjs.org/jiti/-/jiti-1.21.7.tgz 0ms (cache hit)
1112 http cache glob-parent@https://registry.npmjs.org/glob-parent/-/glob-parent-6.0.2.tgz 0ms (cache hit)
1113 http cache fast-glob@https://registry.npmjs.org/fast-glob/-/fast-glob-3.3.3.tgz 0ms (cache hit)
1114 http cache didyoumean@https://registry.npmjs.org/didyoumean/-/didyoumean-1.2.2.tgz 0ms (cache hit)
1115 http cache is-glob@https://registry.npmjs.org/is-glob/-/is-glob-4.0.3.tgz 0ms (cache hit)
1116 http cache chokidar@https://registry.npmjs.org/chokidar/-/chokidar-3.6.0.tgz 0ms (cache hit)
1117 http cache dlv@https://registry.npmjs.org/dlv/-/dlv-1.1.3.tgz 0ms (cache hit)
1118 http cache arg@https://registry.npmjs.org/arg/-/arg-5.0.2.tgz 0ms (cache hit)
1119 http cache source-map-js@https://registry.npmjs.org/source-map-js/-/source-map-js-1.2.1.tgz 0ms (cache hit)
1120 http cache scheduler@https://registry.npmjs.org/scheduler/-/scheduler-0.27.0.tgz 0ms (cache hit)
1121 http cache ms@https://registry.npmjs.org/ms/-/ms-2.1.3.tgz 0ms (cache hit)
1122 http cache @alloc/quick-lru@https://registry.npmjs.org/@alloc/quick-lru/-/quick-lru-5.2.0.tgz 0ms (cache hit)
1123 http cache yallist@https://registry.npmjs.org/yallist/-/yallist-3.1.1.tgz 0ms (cache hit)
1124 http cache nanoid@https://registry.npmjs.org/nanoid/-/nanoid-3.3.12.tgz 0ms (cache hit)
1125 http cache baseline-browser-mapping@https://registry.npmjs.org/baseline-browser-mapping/-/baseline-browser-mapping-2.10.33.tgz 0ms (cache hit)
1126 http cache postcss-value-parser@https://registry.npmjs.org/postcss-value-parser/-/postcss-value-parser-4.2.0.tgz 0ms (cache hit)
1127 http cache update-browserslist-db@https://registry.npmjs.org/update-browserslist-db/-/update-browserslist-db-1.2.3.tgz 0ms (cache hit)
1128 http cache fraction.js@https://registry.npmjs.org/fraction.js/-/fraction.js-5.3.4.tgz 0ms (cache hit)
1129 http cache node-releases@https://registry.npmjs.org/node-releases/-/node-releases-2.0.46.tgz 0ms (cache hit)
1130 http cache @types/babel__traverse@https://registry.npmjs.org/@types/babel__traverse/-/babel__traverse-7.28.0.tgz 0ms (cache hit)
1131 http cache electron-to-chromium@https://registry.npmjs.org/electron-to-chromium/-/electron-to-chromium-1.5.364.tgz 0ms (cache hit)
1132 http cache @types/babel__template@https://registry.npmjs.org/@types/babel__template/-/babel__template-7.4.4.tgz 0ms (cache hit)
1133 http cache @jridgewell/sourcemap-codec@https://registry.npmjs.org/@jridgewell/sourcemap-codec/-/sourcemap-codec-1.5.5.tgz 0ms (cache hit)
1134 http cache @types/babel__generator@https://registry.npmjs.org/@types/babel__generator/-/babel__generator-7.27.0.tgz 0ms (cache hit)
1135 http cache caniuse-lite@https://registry.npmjs.org/caniuse-lite/-/caniuse-lite-1.0.30001793.tgz 0ms (cache hit)
1136 http cache @babel/helper-string-parser@https://registry.npmjs.org/@babel/helper-string-parser/-/helper-string-parser-7.29.7.tgz 0ms (cache hit)
1137 http cache @babel/helper-plugin-utils@https://registry.npmjs.org/@babel/helper-plugin-utils/-/helper-plugin-utils-7.29.7.tgz 0ms (cache hit)
1138 http cache @jridgewell/resolve-uri@https://registry.npmjs.org/@jridgewell/resolve-uri/-/resolve-uri-3.1.2.tgz 0ms (cache hit)
1139 http cache @babel/helper-module-imports@https://registry.npmjs.org/@babel/helper-module-imports/-/helper-module-imports-7.29.7.tgz 0ms (cache hit)
1140 http cache @babel/helper-globals@https://registry.npmjs.org/@babel/helper-globals/-/helper-globals-7.29.7.tgz 0ms (cache hit)
1141 http cache lru-cache@https://registry.npmjs.org/lru-cache/-/lru-cache-5.1.1.tgz 0ms (cache hit)
1142 http cache browserslist@https://registry.npmjs.org/browserslist/-/browserslist-4.28.2.tgz 0ms (cache hit)
1143 http cache @babel/helper-validator-option@https://registry.npmjs.org/@babel/helper-validator-option/-/helper-validator-option-7.29.7.tgz 0ms (cache hit)
1144 http cache jsesc@https://registry.npmjs.org/jsesc/-/jsesc-3.1.0.tgz 0ms (cache hit)
1145 http cache @babel/compat-data@https://registry.npmjs.org/@babel/compat-data/-/compat-data-7.29.7.tgz 0ms (cache hit)
1146 http cache @jridgewell/gen-mapping@https://registry.npmjs.org/@jridgewell/gen-mapping/-/gen-mapping-0.3.13.tgz 0ms (cache hit)
1147 http cache @jridgewell/trace-mapping@https://registry.npmjs.org/@jridgewell/trace-mapping/-/trace-mapping-0.3.31.tgz 0ms (cache hit)
1148 http cache semver@https://registry.npmjs.org/semver/-/semver-6.3.1.tgz 0ms (cache hit)
1149 http cache @babel/helper-validator-identifier@https://registry.npmjs.org/@babel/helper-validator-identifier/-/helper-validator-identifier-7.29.7.tgz 0ms (cache hit)
1150 http cache picocolors@https://registry.npmjs.org/picocolors/-/picocolors-1.1.1.tgz 0ms (cache hit)
1151 http cache debug@https://registry.npmjs.org/debug/-/debug-4.4.3.tgz 0ms (cache hit)
1152 http cache convert-source-map@https://registry.npmjs.org/convert-source-map/-/convert-source-map-2.0.0.tgz 0ms (cache hit)
1153 http cache gensync@https://registry.npmjs.org/gensync/-/gensync-1.0.0-beta.2.tgz 0ms (cache hit)
1154 http cache js-tokens@https://registry.npmjs.org/js-tokens/-/js-tokens-4.0.0.tgz 0ms (cache hit)
1155 http cache @jridgewell/remapping@https://registry.npmjs.org/@jridgewell/remapping/-/remapping-2.3.5.tgz 0ms (cache hit)
1156 http cache @babel/types@https://registry.npmjs.org/@babel/types/-/types-7.29.7.tgz 0ms (cache hit)
1157 http cache json5@https://registry.npmjs.org/json5/-/json5-2.2.3.tgz 0ms (cache hit)
1158 http cache @babel/parser@https://registry.npmjs.org/@babel/parser/-/parser-7.29.7.tgz 0ms (cache hit)
1159 http cache @babel/template@https://registry.npmjs.org/@babel/template/-/template-7.29.7.tgz 0ms (cache hit)
1160 http cache @babel/traverse@https://registry.npmjs.org/@babel/traverse/-/traverse-7.29.7.tgz 0ms (cache hit)
1161 http cache @babel/helpers@https://registry.npmjs.org/@babel/helpers/-/helpers-7.29.7.tgz 0ms (cache hit)
1162 http cache @babel/helper-compilation-targets@https://registry.npmjs.org/@babel/helper-compilation-targets/-/helper-compilation-targets-7.29.7.tgz 0ms (cache hit)
1163 http cache react-refresh@https://registry.npmjs.org/react-refresh/-/react-refresh-0.18.0.tgz 0ms (cache hit)
1164 http cache @babel/code-frame@https://registry.npmjs.org/@babel/code-frame/-/code-frame-7.29.7.tgz 0ms (cache hit)
1165 http cache @types/babel__core@https://registry.npmjs.org/@types/babel__core/-/babel__core-7.20.5.tgz 0ms (cache hit)
1166 http cache @babel/generator@https://registry.npmjs.org/@babel/generator/-/generator-7.29.7.tgz 0ms (cache hit)
1167 http cache @babel/plugin-transform-react-jsx-source@https://registry.npmjs.org/@babel/plugin-transform-react-jsx-source/-/plugin-transform-react-jsx-source-7.29.7.tgz 0ms (cache hit)
1168 http cache @rolldown/pluginutils@https://registry.npmjs.org/@rolldown/pluginutils/-/pluginutils-1.0.0-rc.3.tgz 0ms (cache hit)
1169 http cache @babel/helper-module-transforms@https://registry.npmjs.org/@babel/helper-module-transforms/-/helper-module-transforms-7.29.7.tgz 1ms (cache hit)
1170 http cache tailwindcss@https://registry.npmjs.org/tailwindcss/-/tailwindcss-3.4.19.tgz 0ms (cache hit)
1171 http cache react-dom@https://registry.npmjs.org/react-dom/-/react-dom-19.2.6.tgz 0ms (cache hit)
1172 http cache typescript@https://registry.npmjs.org/typescript/-/typescript-5.9.3.tgz 0ms (cache hit)
1173 http cache @babel/plugin-transform-react-jsx-self@https://registry.npmjs.org/@babel/plugin-transform-react-jsx-self/-/plugin-transform-react-jsx-self-7.29.7.tgz 0ms (cache hit)
1174 http cache @babel/core@https://registry.npmjs.org/@babel/core/-/core-7.29.7.tgz 0ms (cache hit)
1175 http cache lucide-react@https://registry.npmjs.org/lucide-react/-/lucide-react-0.468.0.tgz 0ms (cache hit)
1176 http cache autoprefixer@https://registry.npmjs.org/autoprefixer/-/autoprefixer-10.5.0.tgz 0ms (cache hit)
1177 http cache react@https://registry.npmjs.org/react/-/react-19.2.6.tgz 0ms (cache hit)
1178 http cache vite@https://registry.npmjs.org/vite/-/vite-7.3.5.tgz 0ms (cache hit)
1179 http cache @vitejs/plugin-react@https://registry.npmjs.org/@vitejs/plugin-react/-/plugin-react-5.2.0.tgz 0ms (cache hit)
1180 http cache fdir@https://registry.npmjs.org/fdir/-/fdir-6.5.0.tgz 0ms (cache hit)
1181 http cache postcss@https://registry.npmjs.org/postcss/-/postcss-8.5.15.tgz 0ms (cache hit)
1182 http cache picomatch@https://registry.npmjs.org/picomatch/-/picomatch-4.0.4.tgz 0ms (cache hit)
1183 http cache glob-parent@https://registry.npmjs.org/glob-parent/-/glob-parent-5.1.2.tgz 0ms (cache hit)
1184 http cache picomatch@https://registry.npmjs.org/picomatch/-/picomatch-4.0.4.tgz 0ms (cache hit)
1185 http cache glob-parent@https://registry.npmjs.org/glob-parent/-/glob-parent-5.1.2.tgz 0ms (cache hit)
1186 silly tarball no local data for @rollup/rollup-darwin-arm64@https://registry.npmjs.org/@rollup/rollup-darwin-arm64/-/rollup-darwin-arm64-4.61.0.tgz. Extracting by manifest.
1187 silly tarball no local data for @esbuild/darwin-arm64@https://registry.npmjs.org/@esbuild/darwin-arm64/-/darwin-arm64-0.27.7.tgz. Extracting by manifest.
1188 silly tarball no local data for esbuild@https://registry.npmjs.org/esbuild/-/esbuild-0.27.7.tgz. Extracting by manifest.
1189 silly tarball no local data for @types/estree@https://registry.npmjs.org/@types/estree/-/estree-1.0.9.tgz. Extracting by manifest.
1190 silly tarball no local data for thenify@https://registry.npmjs.org/thenify/-/thenify-3.3.1.tgz. Extracting by manifest.
1191 silly tarball no local data for thenify-all@https://registry.npmjs.org/thenify-all/-/thenify-all-1.6.0.tgz. Extracting by manifest.
1192 silly tarball no local data for any-promise@https://registry.npmjs.org/any-promise/-/any-promise-1.3.0.tgz. Extracting by manifest.
1193 silly tarball no local data for ts-interface-checker@https://registry.npmjs.org/ts-interface-checker/-/ts-interface-checker-0.1.13.tgz. Extracting by manifest.
1194 silly tarball no local data for rollup@https://registry.npmjs.org/rollup/-/rollup-4.61.0.tgz. Extracting by manifest.
1195 silly tarball no local data for object-assign@https://registry.npmjs.org/object-assign/-/object-assign-4.1.1.tgz. Extracting by manifest.
1196 silly tarball no local data for escalade@https://registry.npmjs.org/escalade/-/escalade-3.2.0.tgz. Extracting by manifest.
1197 silly tarball no local data for pirates@https://registry.npmjs.org/pirates/-/pirates-4.0.7.tgz. Extracting by manifest.
1198 silly tarball no local data for mz@https://registry.npmjs.org/mz/-/mz-2.7.0.tgz. Extracting by manifest.
1199 silly tarball no local data for tinyglobby@https://registry.npmjs.org/tinyglobby/-/tinyglobby-0.2.17.tgz. Extracting by manifest.
1200 silly tarball no local data for lines-and-columns@https://registry.npmjs.org/lines-and-columns/-/lines-and-columns-1.2.4.tgz. Extracting by manifest.
1201 silly tarball no local data for commander@https://registry.npmjs.org/commander/-/commander-4.1.1.tgz. Extracting by manifest.
1202 silly tarball no local data for queue-microtask@https://registry.npmjs.org/queue-microtask/-/queue-microtask-1.2.3.tgz. Extracting by manifest.
1203 silly tarball no local data for function-bind@https://registry.npmjs.org/function-bind/-/function-bind-1.1.2.tgz. Extracting by manifest.
1204 silly tarball no local data for supports-preserve-symlinks-flag@https://registry.npmjs.org/supports-preserve-symlinks-flag/-/supports-preserve-symlinks-flag-1.0.0.tgz. Extracting by manifest.
1205 silly tarball no local data for path-parse@https://registry.npmjs.org/path-parse/-/path-parse-1.0.7.tgz. Extracting by manifest.
1206 silly tarball no local data for is-core-module@https://registry.npmjs.org/is-core-module/-/is-core-module-2.16.2.tgz. Extracting by manifest.
1207 silly tarball no local data for es-errors@https://registry.npmjs.org/es-errors/-/es-errors-1.3.0.tgz. Extracting by manifest.
1208 silly tarball no local data for pify@https://registry.npmjs.org/pify/-/pify-2.3.0.tgz. Extracting by manifest.
1209 silly tarball no local data for hasown@https://registry.npmjs.org/hasown/-/hasown-2.0.4.tgz. Extracting by manifest.
1210 silly tarball no local data for util-deprecate@https://registry.npmjs.org/util-deprecate/-/util-deprecate-1.0.2.tgz. Extracting by manifest.
1211 silly tarball no local data for cssesc@https://registry.npmjs.org/cssesc/-/cssesc-3.0.0.tgz. Extracting by manifest.
1212 silly tarball no local data for camelcase-css@https://registry.npmjs.org/camelcase-css/-/camelcase-css-2.0.1.tgz. Extracting by manifest.
1213 http cache fdir@https://registry.npmjs.org/fdir/-/fdir-6.5.0.tgz 0ms (cache hit)
1214 silly tarball no local data for to-regex-range@https://registry.npmjs.org/to-regex-range/-/to-regex-range-5.0.1.tgz. Extracting by manifest.
1215 silly tarball no local data for is-extglob@https://registry.npmjs.org/is-extglob/-/is-extglob-2.1.1.tgz. Extracting by manifest.
1216 silly tarball no local data for binary-extensions@https://registry.npmjs.org/binary-extensions/-/binary-extensions-2.3.0.tgz. Extracting by manifest.
1217 silly tarball no local data for reusify@https://registry.npmjs.org/reusify/-/reusify-1.1.0.tgz. Extracting by manifest.
1218 silly tarball no local data for run-parallel@https://registry.npmjs.org/run-parallel/-/run-parallel-1.2.0.tgz. Extracting by manifest.
1219 silly tarball no local data for read-cache@https://registry.npmjs.org/read-cache/-/read-cache-1.0.0.tgz. Extracting by manifest.
1220 silly tarball no local data for is-number@https://registry.npmjs.org/is-number/-/is-number-7.0.0.tgz. Extracting by manifest.
1221 silly tarball no local data for @nodelib/fs.scandir@https://registry.npmjs.org/@nodelib/fs.scandir/-/fs.scandir-2.1.5.tgz. Extracting by manifest.
1222 silly tarball no local data for fastq@https://registry.npmjs.org/fastq/-/fastq-1.20.1.tgz. Extracting by manifest.
1223 silly tarball no local data for @nodelib/fs.walk@https://registry.npmjs.org/@nodelib/fs.walk/-/fs.walk-1.2.8.tgz. Extracting by manifest.
1224 silly tarball no local data for @nodelib/fs.stat@https://registry.npmjs.org/@nodelib/fs.stat/-/fs.stat-2.0.5.tgz. Extracting by manifest.
1225 silly tarball no local data for fill-range@https://registry.npmjs.org/fill-range/-/fill-range-7.1.1.tgz. Extracting by manifest.
1226 silly tarball no local data for merge2@https://registry.npmjs.org/merge2/-/merge2-1.4.1.tgz. Extracting by manifest.
1227 silly tarball no local data for picomatch@https://registry.npmjs.org/picomatch/-/picomatch-2.3.2.tgz. Extracting by manifest.
1228 silly tarball no local data for readdirp@https://registry.npmjs.org/readdirp/-/readdirp-3.6.0.tgz. Extracting by manifest.
1229 silly tarball no local data for fsevents@https://registry.npmjs.org/fsevents/-/fsevents-2.3.3.tgz. Extracting by manifest.
1230 silly tarball no local data for braces@https://registry.npmjs.org/braces/-/braces-3.0.3.tgz. Extracting by manifest.
1231 silly tarball no local data for anymatch@https://registry.npmjs.org/anymatch/-/anymatch-3.1.3.tgz. Extracting by manifest.
1232 silly tarball no local data for sucrase@https://registry.npmjs.org/sucrase/-/sucrase-3.35.1.tgz. Extracting by manifest.
1233 silly tarball no local data for is-binary-path@https://registry.npmjs.org/is-binary-path/-/is-binary-path-2.1.0.tgz. Extracting by manifest.
1234 silly tarball no local data for resolve@https://registry.npmjs.org/resolve/-/resolve-1.22.12.tgz. Extracting by manifest.
1235 silly tarball no local data for postcss-selector-parser@https://registry.npmjs.org/postcss-selector-parser/-/postcss-selector-parser-6.1.2.tgz. Extracting by manifest.
1236 silly tarball no local data for postcss-import@https://registry.npmjs.org/postcss-import/-/postcss-import-15.1.0.tgz. Extracting by manifest.
1237 silly tarball no local data for postcss-load-config@https://registry.npmjs.org/postcss-load-config/-/postcss-load-config-6.0.1.tgz. Extracting by manifest.
1238 silly tarball no local data for object-hash@https://registry.npmjs.org/object-hash/-/object-hash-3.0.0.tgz. Extracting by manifest.
1239 silly tarball no local data for postcss-nested@https://registry.npmjs.org/postcss-nested/-/postcss-nested-6.2.0.tgz. Extracting by manifest.
1240 silly tarball no local data for normalize-path@https://registry.npmjs.org/normalize-path/-/normalize-path-3.0.0.tgz. Extracting by manifest.
1241 silly tarball no local data for lilconfig@https://registry.npmjs.org/lilconfig/-/lilconfig-3.1.3.tgz. Extracting by manifest.
1242 silly tarball no local data for micromatch@https://registry.npmjs.org/micromatch/-/micromatch-4.0.8.tgz. Extracting by manifest.
1243 silly tarball no local data for postcss-js@https://registry.npmjs.org/postcss-js/-/postcss-js-4.1.0.tgz. Extracting by manifest.
1244 silly tarball no local data for jiti@https://registry.npmjs.org/jiti/-/jiti-1.21.7.tgz. Extracting by manifest.
1245 silly tarball no local data for glob-parent@https://registry.npmjs.org/glob-parent/-/glob-parent-6.0.2.tgz. Extracting by manifest.
1246 silly tarball no local data for fast-glob@https://registry.npmjs.org/fast-glob/-/fast-glob-3.3.3.tgz. Extracting by manifest.
1247 silly tarball no local data for didyoumean@https://registry.npmjs.org/didyoumean/-/didyoumean-1.2.2.tgz. Extracting by manifest.
1248 silly tarball no local data for is-glob@https://registry.npmjs.org/is-glob/-/is-glob-4.0.3.tgz. Extracting by manifest.
1249 silly tarball no local data for chokidar@https://registry.npmjs.org/chokidar/-/chokidar-3.6.0.tgz. Extracting by manifest.
1250 silly tarball no local data for dlv@https://registry.npmjs.org/dlv/-/dlv-1.1.3.tgz. Extracting by manifest.
1251 silly tarball no local data for arg@https://registry.npmjs.org/arg/-/arg-5.0.2.tgz. Extracting by manifest.
1252 silly tarball no local data for source-map-js@https://registry.npmjs.org/source-map-js/-/source-map-js-1.2.1.tgz. Extracting by manifest.
1253 silly tarball no local data for scheduler@https://registry.npmjs.org/scheduler/-/scheduler-0.27.0.tgz. Extracting by manifest.
1254 silly tarball no local data for ms@https://registry.npmjs.org/ms/-/ms-2.1.3.tgz. Extracting by manifest.
1255 silly tarball no local data for @alloc/quick-lru@https://registry.npmjs.org/@alloc/quick-lru/-/quick-lru-5.2.0.tgz. Extracting by manifest.
1256 silly tarball no local data for yallist@https://registry.npmjs.org/yallist/-/yallist-3.1.1.tgz. Extracting by manifest.
1257 silly tarball no local data for nanoid@https://registry.npmjs.org/nanoid/-/nanoid-3.3.12.tgz. Extracting by manifest.
1258 silly tarball no local data for baseline-browser-mapping@https://registry.npmjs.org/baseline-browser-mapping/-/baseline-browser-mapping-2.10.33.tgz. Extracting by manifest.
1259 silly tarball no local data for postcss-value-parser@https://registry.npmjs.org/postcss-value-parser/-/postcss-value-parser-4.2.0.tgz. Extracting by manifest.
1260 silly tarball no local data for update-browserslist-db@https://registry.npmjs.org/update-browserslist-db/-/update-browserslist-db-1.2.3.tgz. Extracting by manifest.
1261 silly tarball no local data for fraction.js@https://registry.npmjs.org/fraction.js/-/fraction.js-5.3.4.tgz. Extracting by manifest.
1262 silly tarball no local data for node-releases@https://registry.npmjs.org/node-releases/-/node-releases-2.0.46.tgz. Extracting by manifest.
1263 silly tarball no local data for @types/babel__traverse@https://registry.npmjs.org/@types/babel__traverse/-/babel__traverse-7.28.0.tgz. Extracting by manifest.
1264 silly tarball no local data for electron-to-chromium@https://registry.npmjs.org/electron-to-chromium/-/electron-to-chromium-1.5.364.tgz. Extracting by manifest.
1265 silly tarball no local data for @types/babel__template@https://registry.npmjs.org/@types/babel__template/-/babel__template-7.4.4.tgz. Extracting by manifest.
1266 silly tarball no local data for @jridgewell/sourcemap-codec@https://registry.npmjs.org/@jridgewell/sourcemap-codec/-/sourcemap-codec-1.5.5.tgz. Extracting by manifest.
1267 silly tarball no local data for @types/babel__generator@https://registry.npmjs.org/@types/babel__generator/-/babel__generator-7.27.0.tgz. Extracting by manifest.
1268 silly tarball no local data for caniuse-lite@https://registry.npmjs.org/caniuse-lite/-/caniuse-lite-1.0.30001793.tgz. Extracting by manifest.
1269 silly tarball no local data for @babel/helper-string-parser@https://registry.npmjs.org/@babel/helper-string-parser/-/helper-string-parser-7.29.7.tgz. Extracting by manifest.
1270 silly tarball no local data for @babel/helper-plugin-utils@https://registry.npmjs.org/@babel/helper-plugin-utils/-/helper-plugin-utils-7.29.7.tgz. Extracting by manifest.
1271 silly tarball no local data for @jridgewell/resolve-uri@https://registry.npmjs.org/@jridgewell/resolve-uri/-/resolve-uri-3.1.2.tgz. Extracting by manifest.
1272 silly tarball no local data for @babel/helper-module-imports@https://registry.npmjs.org/@babel/helper-module-imports/-/helper-module-imports-7.29.7.tgz. Extracting by manifest.
1273 silly tarball no local data for @babel/helper-globals@https://registry.npmjs.org/@babel/helper-globals/-/helper-globals-7.29.7.tgz. Extracting by manifest.
1274 silly tarball no local data for lru-cache@https://registry.npmjs.org/lru-cache/-/lru-cache-5.1.1.tgz. Extracting by manifest.
1275 silly tarball no local data for browserslist@https://registry.npmjs.org/browserslist/-/browserslist-4.28.2.tgz. Extracting by manifest.
1276 silly tarball no local data for @babel/helper-validator-option@https://registry.npmjs.org/@babel/helper-validator-option/-/helper-validator-option-7.29.7.tgz. Extracting by manifest.
1277 silly tarball no local data for jsesc@https://registry.npmjs.org/jsesc/-/jsesc-3.1.0.tgz. Extracting by manifest.
1278 silly tarball no local data for @babel/compat-data@https://registry.npmjs.org/@babel/compat-data/-/compat-data-7.29.7.tgz. Extracting by manifest.
1279 silly tarball no local data for @jridgewell/gen-mapping@https://registry.npmjs.org/@jridgewell/gen-mapping/-/gen-mapping-0.3.13.tgz. Extracting by manifest.
1280 silly tarball no local data for @jridgewell/trace-mapping@https://registry.npmjs.org/@jridgewell/trace-mapping/-/trace-mapping-0.3.31.tgz. Extracting by manifest.
1281 silly tarball no local data for semver@https://registry.npmjs.org/semver/-/semver-6.3.1.tgz. Extracting by manifest.
1282 silly tarball no local data for @babel/helper-validator-identifier@https://registry.npmjs.org/@babel/helper-validator-identifier/-/helper-validator-identifier-7.29.7.tgz. Extracting by manifest.
1283 silly tarball no local data for picocolors@https://registry.npmjs.org/picocolors/-/picocolors-1.1.1.tgz. Extracting by manifest.
1284 silly tarball no local data for debug@https://registry.npmjs.org/debug/-/debug-4.4.3.tgz. Extracting by manifest.
1285 silly tarball no local data for convert-source-map@https://registry.npmjs.org/convert-source-map/-/convert-source-map-2.0.0.tgz. Extracting by manifest.
1286 silly tarball no local data for gensync@https://registry.npmjs.org/gensync/-/gensync-1.0.0-beta.2.tgz. Extracting by manifest.
1287 silly tarball no local data for js-tokens@https://registry.npmjs.org/js-tokens/-/js-tokens-4.0.0.tgz. Extracting by manifest.
1288 silly tarball no local data for @jridgewell/remapping@https://registry.npmjs.org/@jridgewell/remapping/-/remapping-2.3.5.tgz. Extracting by manifest.
1289 silly tarball no local data for @babel/types@https://registry.npmjs.org/@babel/types/-/types-7.29.7.tgz. Extracting by manifest.
1290 silly tarball no local data for json5@https://registry.npmjs.org/json5/-/json5-2.2.3.tgz. Extracting by manifest.
1291 silly tarball no local data for @babel/parser@https://registry.npmjs.org/@babel/parser/-/parser-7.29.7.tgz. Extracting by manifest.
1292 silly tarball no local data for @babel/template@https://registry.npmjs.org/@babel/template/-/template-7.29.7.tgz. Extracting by manifest.
1293 silly tarball no local data for @babel/traverse@https://registry.npmjs.org/@babel/traverse/-/traverse-7.29.7.tgz. Extracting by manifest.
1294 silly tarball no local data for @babel/helpers@https://registry.npmjs.org/@babel/helpers/-/helpers-7.29.7.tgz. Extracting by manifest.
1295 silly tarball no local data for @babel/helper-compilation-targets@https://registry.npmjs.org/@babel/helper-compilation-targets/-/helper-compilation-targets-7.29.7.tgz. Extracting by manifest.
1296 silly tarball no local data for react-refresh@https://registry.npmjs.org/react-refresh/-/react-refresh-0.18.0.tgz. Extracting by manifest.
1297 silly tarball no local data for @babel/code-frame@https://registry.npmjs.org/@babel/code-frame/-/code-frame-7.29.7.tgz. Extracting by manifest.
1298 silly tarball no local data for @types/babel__core@https://registry.npmjs.org/@types/babel__core/-/babel__core-7.20.5.tgz. Extracting by manifest.
1299 silly tarball no local data for @babel/generator@https://registry.npmjs.org/@babel/generator/-/generator-7.29.7.tgz. Extracting by manifest.
1300 silly tarball no local data for @babel/plugin-transform-react-jsx-source@https://registry.npmjs.org/@babel/plugin-transform-react-jsx-source/-/plugin-transform-react-jsx-source-7.29.7.tgz. Extracting by manifest.
1301 silly tarball no local data for @rolldown/pluginutils@https://registry.npmjs.org/@rolldown/pluginutils/-/pluginutils-1.0.0-rc.3.tgz. Extracting by manifest.
1302 silly tarball no local data for @babel/helper-module-transforms@https://registry.npmjs.org/@babel/helper-module-transforms/-/helper-module-transforms-7.29.7.tgz. Extracting by manifest.
1303 silly tarball no local data for tailwindcss@https://registry.npmjs.org/tailwindcss/-/tailwindcss-3.4.19.tgz. Extracting by manifest.
1304 silly tarball no local data for react-dom@https://registry.npmjs.org/react-dom/-/react-dom-19.2.6.tgz. Extracting by manifest.
1305 silly tarball no local data for typescript@https://registry.npmjs.org/typescript/-/typescript-5.9.3.tgz. Extracting by manifest.
1306 silly tarball no local data for @babel/plugin-transform-react-jsx-self@https://registry.npmjs.org/@babel/plugin-transform-react-jsx-self/-/plugin-transform-react-jsx-self-7.29.7.tgz. Extracting by manifest.
1307 silly tarball no local data for @babel/core@https://registry.npmjs.org/@babel/core/-/core-7.29.7.tgz. Extracting by manifest.
1308 silly tarball no local data for lucide-react@https://registry.npmjs.org/lucide-react/-/lucide-react-0.468.0.tgz. Extracting by manifest.
1309 silly tarball no local data for autoprefixer@https://registry.npmjs.org/autoprefixer/-/autoprefixer-10.5.0.tgz. Extracting by manifest.
1310 silly tarball no local data for react@https://registry.npmjs.org/react/-/react-19.2.6.tgz. Extracting by manifest.
1311 silly tarball no local data for vite@https://registry.npmjs.org/vite/-/vite-7.3.5.tgz. Extracting by manifest.
1312 silly tarball no local data for @vitejs/plugin-react@https://registry.npmjs.org/@vitejs/plugin-react/-/plugin-react-5.2.0.tgz. Extracting by manifest.
1313 silly tarball no local data for fdir@https://registry.npmjs.org/fdir/-/fdir-6.5.0.tgz. Extracting by manifest.
1314 silly tarball no local data for postcss@https://registry.npmjs.org/postcss/-/postcss-8.5.15.tgz. Extracting by manifest.
1315 silly tarball no local data for picomatch@https://registry.npmjs.org/picomatch/-/picomatch-4.0.4.tgz. Extracting by manifest.
1316 silly tarball no local data for glob-parent@https://registry.npmjs.org/glob-parent/-/glob-parent-5.1.2.tgz. Extracting by manifest.
1317 silly tarball no local data for picomatch@https://registry.npmjs.org/picomatch/-/picomatch-4.0.4.tgz. Extracting by manifest.
1318 silly tarball no local data for glob-parent@https://registry.npmjs.org/glob-parent/-/glob-parent-5.1.2.tgz. Extracting by manifest.
1319 silly tarball no local data for fdir@https://registry.npmjs.org/fdir/-/fdir-6.5.0.tgz. Extracting by manifest.
1320 http fetch GET 200 https://registry.npmjs.org/thenify/-/thenify-3.3.1.tgz 52ms (cache miss)
1321 http fetch GET 200 https://registry.npmjs.org/ts-interface-checker/-/ts-interface-checker-0.1.13.tgz 64ms (cache miss)
1322 http fetch GET 200 https://registry.npmjs.org/thenify-all/-/thenify-all-1.6.0.tgz 85ms (cache miss)
1323 http fetch GET 200 https://registry.npmjs.org/@types/estree/-/estree-1.0.9.tgz 90ms (cache miss)
1324 http fetch GET 200 https://registry.npmjs.org/esbuild/-/esbuild-0.27.7.tgz 100ms (cache miss)
1325 http fetch GET 200 https://registry.npmjs.org/lines-and-columns/-/lines-and-columns-1.2.4.tgz 99ms (cache miss)
1326 http fetch GET 200 https://registry.npmjs.org/commander/-/commander-4.1.1.tgz 130ms (cache miss)
1327 http fetch GET 200 https://registry.npmjs.org/any-promise/-/any-promise-1.3.0.tgz 154ms (cache miss)
1328 http fetch GET 200 https://registry.npmjs.org/supports-preserve-symlinks-flag/-/supports-preserve-symlinks-flag-1.0.0.tgz 153ms (cache miss)
1329 http fetch GET 200 https://registry.npmjs.org/object-assign/-/object-assign-4.1.1.tgz 154ms (cache miss)
1330 http fetch GET 200 https://registry.npmjs.org/mz/-/mz-2.7.0.tgz 154ms (cache miss)
1331 http fetch GET 200 https://registry.npmjs.org/path-parse/-/path-parse-1.0.7.tgz 161ms (cache miss)
1332 http fetch GET 200 https://registry.npmjs.org/queue-microtask/-/queue-microtask-1.2.3.tgz 162ms (cache miss)
1333 http fetch GET 200 https://registry.npmjs.org/pirates/-/pirates-4.0.7.tgz 163ms (cache miss)
1334 http fetch GET 200 https://registry.npmjs.org/function-bind/-/function-bind-1.1.2.tgz 162ms (cache miss)
1335 http fetch POST 200 https://registry.npmjs.org/-/npm/v1/security/advisories/bulk 248ms
1336 silly audit report {}
1337 http fetch GET 200 https://registry.npmjs.org/tinyglobby/-/tinyglobby-0.2.17.tgz 235ms (cache miss)
1338 http fetch GET 200 https://registry.npmjs.org/cssesc/-/cssesc-3.0.0.tgz 245ms (cache miss)
1339 http fetch GET 200 https://registry.npmjs.org/camelcase-css/-/camelcase-css-2.0.1.tgz 245ms (cache miss)
1340 http fetch GET 200 https://registry.npmjs.org/is-core-module/-/is-core-module-2.16.2.tgz 246ms (cache miss)
1341 http fetch GET 200 https://registry.npmjs.org/pify/-/pify-2.3.0.tgz 246ms (cache miss)
1342 http fetch GET 200 https://registry.npmjs.org/hasown/-/hasown-2.0.4.tgz 246ms (cache miss)
1343 http fetch GET 200 https://registry.npmjs.org/is-extglob/-/is-extglob-2.1.1.tgz 255ms (cache miss)
1344 http fetch GET 200 https://registry.npmjs.org/to-regex-range/-/to-regex-range-5.0.1.tgz 273ms (cache miss)
1345 http fetch GET 200 https://registry.npmjs.org/es-errors/-/es-errors-1.3.0.tgz 287ms (cache miss)
1346 http fetch GET 200 https://registry.npmjs.org/util-deprecate/-/util-deprecate-1.0.2.tgz 319ms (cache miss)
1347 http fetch GET 200 https://registry.npmjs.org/run-parallel/-/run-parallel-1.2.0.tgz 374ms (cache miss)
1348 http fetch GET 200 https://registry.npmjs.org/read-cache/-/read-cache-1.0.0.tgz 375ms (cache miss)
1349 http fetch GET 200 https://registry.npmjs.org/binary-extensions/-/binary-extensions-2.3.0.tgz 379ms (cache miss)
1350 http fetch GET 200 https://registry.npmjs.org/is-number/-/is-number-7.0.0.tgz 379ms (cache miss)
1351 http fetch GET 200 https://registry.npmjs.org/reusify/-/reusify-1.1.0.tgz 392ms (cache miss)
1352 http fetch GET 200 https://registry.npmjs.org/fastq/-/fastq-1.20.1.tgz 391ms (cache miss)
1353 http fetch GET 200 https://registry.npmjs.org/@nodelib/fs.stat/-/fs.stat-2.0.5.tgz 397ms (cache miss)
1354 http fetch GET 200 https://registry.npmjs.org/@nodelib/fs.scandir/-/fs.scandir-2.1.5.tgz 397ms (cache miss)
1355 http fetch GET 200 https://registry.npmjs.org/@nodelib/fs.walk/-/fs.walk-1.2.8.tgz 409ms (cache miss)
1356 http fetch GET 200 https://registry.npmjs.org/fill-range/-/fill-range-7.1.1.tgz 415ms (cache miss)
1357 http fetch GET 200 https://registry.npmjs.org/picomatch/-/picomatch-2.3.2.tgz 416ms (cache miss)
1358 http fetch GET 200 https://registry.npmjs.org/postcss-load-config/-/postcss-load-config-6.0.1.tgz 960ms (cache miss)
1359 http fetch GET 200 https://registry.npmjs.org/is-binary-path/-/is-binary-path-2.1.0.tgz 961ms (cache miss)
1360 http fetch GET 200 https://registry.npmjs.org/braces/-/braces-3.0.3.tgz 962ms (cache miss)
1361 http fetch GET 200 https://registry.npmjs.org/merge2/-/merge2-1.4.1.tgz 965ms (cache miss)
1362 http fetch GET 200 https://registry.npmjs.org/anymatch/-/anymatch-3.1.3.tgz 965ms (cache miss)
1363 http fetch GET 200 https://registry.npmjs.org/fsevents/-/fsevents-2.3.3.tgz 982ms (cache miss)
1364 http fetch GET 200 https://registry.npmjs.org/resolve/-/resolve-1.22.12.tgz 1031ms (cache miss)
1365 http fetch GET 200 https://registry.npmjs.org/escalade/-/escalade-3.2.0.tgz 1076ms (cache miss)
1366 http fetch GET 200 https://registry.npmjs.org/postcss-import/-/postcss-import-15.1.0.tgz 1096ms (cache miss)
1367 http fetch GET 200 https://registry.npmjs.org/normalize-path/-/normalize-path-3.0.0.tgz 1116ms (cache miss)
1368 http fetch GET 200 https://registry.npmjs.org/object-hash/-/object-hash-3.0.0.tgz 1116ms (cache miss)
1369 http fetch GET 200 https://registry.npmjs.org/postcss-nested/-/postcss-nested-6.2.0.tgz 1116ms (cache miss)
1370 http fetch GET 200 https://registry.npmjs.org/lilconfig/-/lilconfig-3.1.3.tgz 1132ms (cache miss)
1371 http fetch GET 200 https://registry.npmjs.org/readdirp/-/readdirp-3.6.0.tgz 1361ms (cache miss)
1372 http fetch GET 200 https://registry.npmjs.org/@rollup/rollup-darwin-arm64/-/rollup-darwin-arm64-4.61.0.tgz 1545ms (cache miss)
1373 http fetch GET 200 https://registry.npmjs.org/didyoumean/-/didyoumean-1.2.2.tgz 1537ms (cache miss)
1374 http fetch GET 200 https://registry.npmjs.org/micromatch/-/micromatch-4.0.8.tgz 1539ms (cache miss)
1375 http fetch GET 200 https://registry.npmjs.org/postcss-js/-/postcss-js-4.1.0.tgz 1560ms (cache miss)
1376 http fetch GET 200 https://registry.npmjs.org/arg/-/arg-5.0.2.tgz 1559ms (cache miss)
1377 http fetch GET 200 https://registry.npmjs.org/dlv/-/dlv-1.1.3.tgz 1559ms (cache miss)
1378 http fetch GET 200 https://registry.npmjs.org/is-glob/-/is-glob-4.0.3.tgz 1560ms (cache miss)
1379 http fetch GET 200 https://registry.npmjs.org/chokidar/-/chokidar-3.6.0.tgz 1561ms (cache miss)
1380 http fetch GET 200 https://registry.npmjs.org/glob-parent/-/glob-parent-6.0.2.tgz 1562ms (cache miss)
1381 http fetch GET 200 https://registry.npmjs.org/postcss-selector-parser/-/postcss-selector-parser-6.1.2.tgz 1612ms (cache miss)
1382 http fetch GET 200 https://registry.npmjs.org/update-browserslist-db/-/update-browserslist-db-1.2.3.tgz 1749ms (cache miss)
1383 http fetch GET 200 https://registry.npmjs.org/fast-glob/-/fast-glob-3.3.3.tgz 1790ms (cache miss)
1384 http fetch GET 200 https://registry.npmjs.org/scheduler/-/scheduler-0.27.0.tgz 1815ms (cache miss)
1385 http fetch GET 200 https://registry.npmjs.org/fraction.js/-/fraction.js-5.3.4.tgz 1815ms (cache miss)
1386 http fetch GET 200 https://registry.npmjs.org/node-releases/-/node-releases-2.0.46.tgz 1819ms (cache miss)
1387 http fetch GET 200 https://registry.npmjs.org/@types/babel__template/-/babel__template-7.4.4.tgz 1851ms (cache miss)
1388 http fetch GET 200 https://registry.npmjs.org/yallist/-/yallist-3.1.1.tgz 1866ms (cache miss)
1389 http fetch GET 200 https://registry.npmjs.org/@jridgewell/sourcemap-codec/-/sourcemap-codec-1.5.5.tgz 1902ms (cache miss)
1390 http fetch GET 200 https://registry.npmjs.org/source-map-js/-/source-map-js-1.2.1.tgz 1942ms (cache miss)
1391 http fetch GET 200 https://registry.npmjs.org/@types/babel__generator/-/babel__generator-7.27.0.tgz 1949ms (cache miss)
1392 http fetch GET 200 https://registry.npmjs.org/baseline-browser-mapping/-/baseline-browser-mapping-2.10.33.tgz 1950ms (cache miss)
1393 http fetch GET 200 https://registry.npmjs.org/nanoid/-/nanoid-3.3.12.tgz 2002ms (cache miss)
1394 http fetch GET 200 https://registry.npmjs.org/postcss-value-parser/-/postcss-value-parser-4.2.0.tgz 2021ms (cache miss)
1395 http fetch GET 200 https://registry.npmjs.org/@types/babel__traverse/-/babel__traverse-7.28.0.tgz 2021ms (cache miss)
1396 http fetch GET 200 https://registry.npmjs.org/electron-to-chromium/-/electron-to-chromium-1.5.364.tgz 2022ms (cache miss)
1397 http fetch GET 200 https://registry.npmjs.org/@babel/helper-string-parser/-/helper-string-parser-7.29.7.tgz 2037ms (cache miss)
1398 http fetch GET 200 https://registry.npmjs.org/@babel/helper-plugin-utils/-/helper-plugin-utils-7.29.7.tgz 2038ms (cache miss)
1399 http fetch GET 200 https://registry.npmjs.org/@babel/helper-globals/-/helper-globals-7.29.7.tgz 2066ms (cache miss)
1400 http fetch GET 200 https://registry.npmjs.org/@jridgewell/resolve-uri/-/resolve-uri-3.1.2.tgz 2066ms (cache miss)
1401 http fetch GET 200 https://registry.npmjs.org/@babel/helper-module-imports/-/helper-module-imports-7.29.7.tgz 2067ms (cache miss)
1402 http fetch GET 200 https://registry.npmjs.org/jiti/-/jiti-1.21.7.tgz 2070ms (cache miss)
1403 http fetch GET 200 https://registry.npmjs.org/@babel/helper-validator-option/-/helper-validator-option-7.29.7.tgz 2072ms (cache miss)
1404 http fetch GET 200 https://registry.npmjs.org/lru-cache/-/lru-cache-5.1.1.tgz 2104ms (cache miss)
1405 http fetch GET 200 https://registry.npmjs.org/browserslist/-/browserslist-4.28.2.tgz 2105ms (cache miss)
1406 http fetch GET 200 https://registry.npmjs.org/jsesc/-/jsesc-3.1.0.tgz 2106ms (cache miss)
1407 http fetch GET 200 https://registry.npmjs.org/@alloc/quick-lru/-/quick-lru-5.2.0.tgz 2118ms (cache miss)
1408 http fetch GET 200 https://registry.npmjs.org/@babel/compat-data/-/compat-data-7.29.7.tgz 2116ms (cache miss)
1409 http fetch GET 200 https://registry.npmjs.org/@babel/helper-validator-identifier/-/helper-validator-identifier-7.29.7.tgz 2128ms (cache miss)
1410 http fetch GET 200 https://registry.npmjs.org/@jridgewell/gen-mapping/-/gen-mapping-0.3.13.tgz 2135ms (cache miss)
1411 http fetch GET 200 https://registry.npmjs.org/semver/-/semver-6.3.1.tgz 2169ms (cache miss)
1412 http fetch GET 200 https://registry.npmjs.org/picocolors/-/picocolors-1.1.1.tgz 2177ms (cache miss)
1413 http fetch GET 200 https://registry.npmjs.org/js-tokens/-/js-tokens-4.0.0.tgz 2176ms (cache miss)
1414 http fetch GET 200 https://registry.npmjs.org/gensync/-/gensync-1.0.0-beta.2.tgz 2190ms (cache miss)
1415 http fetch GET 200 https://registry.npmjs.org/caniuse-lite/-/caniuse-lite-1.0.30001793.tgz 2239ms (cache miss)
1416 http fetch GET 200 https://registry.npmjs.org/debug/-/debug-4.4.3.tgz 2261ms (cache miss)
1417 http fetch GET 200 https://registry.npmjs.org/convert-source-map/-/convert-source-map-2.0.0.tgz 2261ms (cache miss)
1418 http fetch GET 200 https://registry.npmjs.org/@jridgewell/trace-mapping/-/trace-mapping-0.3.31.tgz 2263ms (cache miss)
1419 http fetch GET 200 https://registry.npmjs.org/@jridgewell/remapping/-/remapping-2.3.5.tgz 2262ms (cache miss)
1420 http fetch GET 200 https://registry.npmjs.org/json5/-/json5-2.2.3.tgz 2275ms (cache miss)
1421 http fetch GET 200 https://registry.npmjs.org/@babel/template/-/template-7.29.7.tgz 2302ms (cache miss)
1422 http fetch GET 200 https://registry.npmjs.org/ms/-/ms-2.1.3.tgz 2435ms (cache miss)
1423 http fetch GET 200 https://registry.npmjs.org/@babel/plugin-transform-react-jsx-source/-/plugin-transform-react-jsx-source-7.29.7.tgz 2431ms (cache miss)
1424 http fetch GET 200 https://registry.npmjs.org/@babel/code-frame/-/code-frame-7.29.7.tgz 2432ms (cache miss)
1425 http fetch GET 200 https://registry.npmjs.org/react-refresh/-/react-refresh-0.18.0.tgz 2433ms (cache miss)
1426 http fetch GET 200 https://registry.npmjs.org/@rolldown/pluginutils/-/pluginutils-1.0.0-rc.3.tgz 2434ms (cache miss)
1427 http fetch GET 200 https://registry.npmjs.org/@types/babel__core/-/babel__core-7.20.5.tgz 2510ms (cache miss)
1428 http fetch GET 200 https://registry.npmjs.org/@babel/helper-compilation-targets/-/helper-compilation-targets-7.29.7.tgz 2585ms (cache miss)
1429 http fetch GET 200 https://registry.npmjs.org/@babel/parser/-/parser-7.29.7.tgz 2625ms (cache miss)
1430 http fetch GET 200 https://registry.npmjs.org/@babel/plugin-transform-react-jsx-self/-/plugin-transform-react-jsx-self-7.29.7.tgz 2635ms (cache miss)
1431 http fetch GET 200 https://registry.npmjs.org/@babel/helper-module-transforms/-/helper-module-transforms-7.29.7.tgz 2637ms (cache miss)
1432 http fetch GET 200 https://registry.npmjs.org/@babel/helpers/-/helpers-7.29.7.tgz 2764ms (cache miss)
1433 http fetch GET 200 https://registry.npmjs.org/@babel/types/-/types-7.29.7.tgz 2791ms (cache miss)
1434 http fetch GET 200 https://registry.npmjs.org/sucrase/-/sucrase-3.35.1.tgz 2803ms (cache miss)
1435 http fetch GET 200 https://registry.npmjs.org/react/-/react-19.2.6.tgz 2833ms (cache miss)
1436 http fetch GET 200 https://registry.npmjs.org/fdir/-/fdir-6.5.0.tgz 3022ms (cache miss)
1437 http fetch GET 200 https://registry.npmjs.org/postcss/-/postcss-8.5.15.tgz 3024ms (cache miss)
1438 http fetch GET 200 https://registry.npmjs.org/@vitejs/plugin-react/-/plugin-react-5.2.0.tgz 3030ms (cache miss)
1439 http fetch GET 200 https://registry.npmjs.org/autoprefixer/-/autoprefixer-10.5.0.tgz 3068ms (cache miss)
1440 http fetch GET 200 https://registry.npmjs.org/picomatch/-/picomatch-4.0.4.tgz 3077ms (cache miss)
1441 http fetch GET 200 https://registry.npmjs.org/rollup/-/rollup-4.61.0.tgz 3133ms (cache miss)
1442 http fetch GET 200 https://registry.npmjs.org/picomatch/-/picomatch-4.0.4.tgz 3640ms (cache miss)
1443 http fetch GET 200 https://registry.npmjs.org/fdir/-/fdir-6.5.0.tgz 3642ms (cache miss)
1444 http fetch GET 200 https://registry.npmjs.org/glob-parent/-/glob-parent-5.1.2.tgz 3650ms (cache miss)
1445 http fetch GET 200 https://registry.npmjs.org/glob-parent/-/glob-parent-5.1.2.tgz 3649ms (cache miss)
1446 http fetch GET 200 https://registry.npmjs.org/@babel/generator/-/generator-7.29.7.tgz 3671ms (cache miss)
1447 http fetch GET 200 https://registry.npmjs.org/@babel/core/-/core-7.29.7.tgz 4091ms (cache miss)
1448 http fetch GET 200 https://registry.npmjs.org/@babel/traverse/-/traverse-7.29.7.tgz 4269ms (cache miss)
1449 http fetch GET 200 https://registry.npmjs.org/vite/-/vite-7.3.5.tgz 4394ms (cache miss)
1450 http fetch GET 200 https://registry.npmjs.org/tailwindcss/-/tailwindcss-3.4.19.tgz 4523ms (cache miss)
1451 http fetch GET 200 https://registry.npmjs.org/lucide-react/-/lucide-react-0.468.0.tgz 6782ms (cache miss)
1452 http fetch GET 200 https://registry.npmjs.org/@esbuild/darwin-arm64/-/darwin-arm64-0.27.7.tgz 7153ms (cache miss)
1453 http fetch GET 200 https://registry.npmjs.org/react-dom/-/react-dom-19.2.6.tgz 7308ms (cache miss)
1454 http fetch GET 200 https://registry.npmjs.org/typescript/-/typescript-5.9.3.tgz 8472ms (cache miss)
1455 info run fsevents@2.3.3 install node_modules/fsevents node-gyp rebuild
1456 info run fsevents@2.3.3 install { code: 1, signal: null }
1457 verbose reify failed optional dependency /Users/matteocambielli/Documents/Codex/2026-06-01/creami-una-web-app-react-tailwind/node_modules/fsevents
1458 silly reify mark deleted [
1458 silly reify   '/Users/matteocambielli/Documents/Codex/2026-06-01/creami-una-web-app-react-tailwind/node_modules/fsevents'
1458 silly reify ]
1459 info run esbuild@0.27.7 postinstall node_modules/esbuild node install.js
1460 info run esbuild@0.27.7 postinstall { code: 0, signal: null }
1461 silly ADD node_modules/@types/estree
1462 silly ADD node_modules/@rollup/rollup-darwin-arm64
1463 silly ADD node_modules/@esbuild/darwin-arm64
1464 silly ADD node_modules/rollup
1465 silly ADD node_modules/esbuild
1466 silly ADD node_modules/escalade
1467 silly ADD node_modules/is-number
1468 silly ADD node_modules/thenify
1469 silly ADD node_modules/thenify-all
1470 silly ADD node_modules/object-assign
1471 silly ADD node_modules/any-promise
1472 silly ADD node_modules/ts-interface-checker
1473 silly ADD node_modules/tinyglobby
1474 silly ADD node_modules/tinyglobby/node_modules/picomatch
1475 silly ADD node_modules/tinyglobby/node_modules/fdir
1476 silly ADD node_modules/pirates
1477 silly ADD node_modules/mz
1478 silly ADD node_modules/lines-and-columns
1479 silly ADD node_modules/commander
1480 silly ADD node_modules/queue-microtask
1481 silly ADD node_modules/function-bind
1482 silly ADD node_modules/hasown
1483 silly ADD node_modules/supports-preserve-symlinks-flag
1484 silly ADD node_modules/path-parse
1485 silly ADD node_modules/is-core-module
1486 silly ADD node_modules/es-errors
1487 silly ADD node_modules/pify
1488 silly ADD node_modules/util-deprecate
1489 silly ADD node_modules/cssesc
1490 silly ADD node_modules/camelcase-css
1491 silly ADD node_modules/read-cache
1492 silly ADD node_modules/is-extglob
1493 silly ADD node_modules/binary-extensions
1494 silly ADD node_modules/to-regex-range
1495 silly ADD node_modules/reusify
1496 silly ADD node_modules/run-parallel
1497 silly ADD node_modules/fastq
1498 silly ADD node_modules/@nodelib/fs.scandir
1499 silly ADD node_modules/merge2
1500 silly ADD node_modules/@nodelib/fs.walk
1501 silly ADD node_modules/@nodelib/fs.stat
1502 silly ADD node_modules/fill-range
1503 silly ADD node_modules/picomatch
1504 silly ADD node_modules/readdirp
1505 silly ADD node_modules/is-binary-path
1506 silly ADD
1507 silly ADD node_modules/braces
1508 silly ADD node_modules/anymatch
1509 silly ADD node_modules/sucrase
1510 silly ADD node_modules/resolve
1511 silly ADD node_modules/postcss-selector-parser
1512 silly ADD node_modules/postcss-nested
1513 silly ADD node_modules/postcss-load-config
1514 silly ADD node_modules/postcss-js
1515 silly ADD node_modules/postcss-import
1516 silly ADD node_modules/object-hash
1517 silly ADD node_modules/normalize-path
1518 silly ADD node_modules/micromatch
1519 silly ADD node_modules/lilconfig
1520 silly ADD node_modules/jiti
1521 silly ADD node_modules/is-glob
1522 silly ADD node_modules/glob-parent
1523 silly ADD node_modules/fast-glob
1524 silly ADD node_modules/fast-glob/node_modules/glob-parent
1525 silly ADD node_modules/dlv
1526 silly ADD node_modules/didyoumean
1527 silly ADD node_modules/chokidar
1528 silly ADD node_modules/chokidar/node_modules/glob-parent
1529 silly ADD node_modules/arg
1530 silly ADD node_modules/@alloc/quick-lru
1531 silly ADD node_modules/scheduler
1532 silly ADD node_modules/source-map-js
1533 silly ADD node_modules/nanoid
1534 silly ADD node_modules/yallist
1535 silly ADD node_modules/ms
1536 silly ADD node_modules/update-browserslist-db
1537 silly ADD node_modules/node-releases
1538 silly ADD node_modules/electron-to-chromium
1539 silly ADD node_modules/baseline-browser-mapping
1540 silly ADD node_modules/postcss-value-parser
1541 silly ADD node_modules/fraction.js
1542 silly ADD node_modules/caniuse-lite
1543 silly ADD node_modules/@types/babel__traverse
1544 silly ADD node_modules/@types/babel__template
1545 silly ADD node_modules/@types/babel__generator
1546 silly ADD node_modules/@jridgewell/resolve-uri
1547 silly ADD node_modules/@jridgewell/sourcemap-codec
1548 silly ADD node_modules/@babel/helper-string-parser
1549 silly ADD node_modules/@babel/helper-globals
1550 silly ADD node_modules/@babel/helper-plugin-utils
1551 silly ADD node_modules/@babel/helper-module-imports
1552 silly ADD node_modules/lru-cache
1553 silly ADD node_modules/browserslist
1554 silly ADD node_modules/@babel/helper-validator-option
1555 silly ADD node_modules/@babel/compat-data
1556 silly ADD node_modules/jsesc
1557 silly ADD node_modules/@jridgewell/trace-mapping
1558 silly ADD node_modules/@jridgewell/gen-mapping
1559 silly ADD node_modules/picocolors
1560 silly ADD node_modules/js-tokens
1561 silly ADD node_modules/@babel/helper-validator-identifier
1562 silly ADD node_modules/semver
1563 silly ADD node_modules/json5
1564 silly ADD node_modules/gensync
1565 silly ADD node_modules/debug
1566 silly ADD node_modules/convert-source-map
1567 silly ADD node_modules/@jridgewell/remapping
1568 silly ADD node_modules/@babel/types
1569 silly ADD node_modules/@babel/traverse
1570 silly ADD node_modules/@babel/template
1571 silly ADD node_modules/@babel/parser
1572 silly ADD node_modules/@babel/helpers
1573 silly ADD node_modules/@babel/helper-module-transforms
1574 silly ADD node_modules/@babel/helper-compilation-targets
1575 silly ADD node_modules/@babel/generator
1576 silly ADD node_modules/@babel/code-frame
1577 silly ADD node_modules/react-refresh
1578 silly ADD node_modules/@types/babel__core
1579 silly ADD node_modules/@rolldown/pluginutils
1580 silly ADD node_modules/@babel/plugin-transform-react-jsx-source
1581 silly ADD node_modules/@babel/plugin-transform-react-jsx-self
1582 silly ADD node_modules/@babel/core
1583 silly ADD node_modules/typescript
1584 silly ADD node_modules/tailwindcss
1585 silly ADD node_modules/react-dom
1586 silly ADD node_modules/react
1587 silly ADD node_modules/lucide-react
1588 silly ADD node_modules/postcss
1589 silly ADD node_modules/autoprefixer
1590 silly ADD node_modules/vite
1591 silly ADD node_modules/vite/node_modules/picomatch
1592 silly ADD node_modules/vite/node_modules/fdir
1593 silly ADD node_modules/@vitejs/plugin-react
1594 verbose cwd /Users/matteocambielli/Documents/Codex/2026-06-01/creami-una-web-app-react-tailwind
1595 verbose os Darwin 25.5.0
1596 verbose node v24.16.0
1597 verbose npm  v11.13.0
1598 notice
1598 notice New minor version of npm available! 11.13.0 -> 11.16.0
1598 notice Changelog: https://github.com/npm/cli/releases/tag/v11.16.0
1598 notice To update run: npm install -g npm@11.16.0
1598 notice  { force: true, Symbol(proc-log.meta): true }
1599 verbose exit 0
1600 info ok
